id	user_id	company_id	date	clock_in	clock_out	type	notes	ip_address	user_agent	created_at	updated_at
8	4	1	2026-02-24	2026-02-24 13:24:06	2026-02-24 14:00:40	normal	NULL	80.102.96.5	Mozilla/5.0 (Windows NT 10.0; Win64; x64) AppleWebKit/537.36 (KHTML, like Gecko) Chrome/145.0.0.0 Safari/537.36	2026-02-24 13:24:06	2026-02-24 14:00:40
9	4	1	2026-02-24	2026-02-24 14:44:54	2026-02-24 15:35:03	normal		47.61.180.192	Mozilla/5.0 (Windows NT 10.0; Win64; x64) AppleWebKit/537.36 (KHTML, like Gecko) Chrome/145.0.0.0 Safari/537.36	2026-02-24 14:44:54	2026-02-24 18:30:31
10	2	1	2026-02-24	2026-02-24 14:55:23	2026-02-24 18:04:33	normal	NULL	79.146.24.221	Mozilla/5.0 (Windows NT 10.0; Win64; x64) AppleWebKit/537.36 (KHTML, like Gecko) Chrome/145.0.0.0 Safari/537.36	2026-02-24 14:55:23	2026-02-24 18:04:33
11	11	1	2026-02-24	2026-02-24 15:58:02	2026-02-24 19:01:28	normal		213.37.249.214	Mozilla/5.0 (Windows NT 10.0; Win64; x64) AppleWebKit/537.36 (KHTML, like Gecko) Chrome/145.0.0.0 Safari/537.36	2026-02-24 15:46:02	2026-02-25 00:37:50
12	9	1	2026-02-24	2026-02-24 15:55:15	2026-02-24 19:04:09	normal	NULL	85.87.217.253	Mozilla/5.0 (Windows NT 10.0; Win64; x64) AppleWebKit/537.36 (KHTML, like Gecko) Chrome/145.0.0.0 Safari/537.36	2026-02-24 15:55:15	2026-02-24 19:04:09
13	3	1	2026-02-24	2026-02-24 15:57:23	2026-02-24 19:04:15	normal	NULL	80.102.99.46	Mozilla/5.0 (Windows NT 10.0; Win64; x64) AppleWebKit/537.36 (KHTML, like Gecko) Chrome/144.0.0.0 Safari/537.36	2026-02-24 15:57:23	2026-02-24 19:04:15
14	10	1	2026-02-24	2026-02-24 15:59:24	2026-02-24 19:04:52	normal	NULL	213.37.249.55	Mozilla/5.0 (Windows NT 10.0; Win64; x64) AppleWebKit/537.36 (KHTML, like Gecko) Chrome/145.0.0.0 Safari/537.36	2026-02-24 15:59:24	2026-02-24 19:04:52
15	4	1	2026-02-24	2026-02-24 20:31:15	2026-02-24 21:01:39	normal	NULL	47.61.180.192	Mozilla/5.0 (Windows NT 10.0; Win64; x64) AppleWebKit/537.36 (KHTML, like Gecko) Chrome/145.0.0.0 Safari/537.36	2026-02-24 20:31:15	2026-02-24 21:01:39
16	8	1	2026-02-25	2026-02-25 09:06:40	2026-02-25 14:00:12	normal		90.94.108.27	Mozilla/5.0 (Windows NT 10.0; Win64; x64) AppleWebKit/537.36 (KHTML, like Gecko) Chrome/144.0.0.0 Safari/537.36	2026-02-25 09:06:40	2026-02-25 14:08:02
17	2	1	2026-02-25	2026-02-25 09:10:35	2026-02-25 14:00:06	normal	NULL	92.58.185.43	Mozilla/5.0 (Windows NT 10.0; Win64; x64) AppleWebKit/537.36 (KHTML, like Gecko) Chrome/145.0.0.0 Safari/537.36	2026-02-25 09:10:35	2026-02-25 14:00:06
18	9	1	2026-02-25	2026-02-25 09:25:53	2026-02-25 14:00:48	normal	NULL	80.102.96.5	Mozilla/5.0 (Windows NT 10.0; Win64; x64) AppleWebKit/537.36 (KHTML, like Gecko) Chrome/145.0.0.0 Safari/537.36	2026-02-25 09:25:53	2026-02-25 14:00:48
19	4	1	2026-02-25	2026-02-25 09:29:06	2026-02-25 14:00:37	normal		80.102.96.5	Mozilla/5.0 (Windows NT 10.0; Win64; x64) AppleWebKit/537.36 (KHTML, like Gecko) Chrome/145.0.0.0 Safari/537.36	2026-02-25 09:29:06	2026-02-25 14:07:35
20	11	1	2026-02-25	2026-02-25 09:29:34	2026-02-25 14:00:53	normal		80.102.96.5	Mozilla/5.0 (Windows NT 10.0; Win64; x64) AppleWebKit/537.36 (KHTML, like Gecko) Chrome/145.0.0.0 Safari/537.36	2026-02-25 09:29:34	2026-02-25 14:06:57
21	3	1	2026-02-25	2026-02-25 09:31:53	2026-02-25 14:00:41	normal	NULL	80.102.96.5	Mozilla/5.0 (Windows NT 10.0; Win64; x64) AppleWebKit/537.36 (KHTML, like Gecko) Chrome/144.0.0.0 Safari/537.36	2026-02-25 09:31:53	2026-02-25 14:00:41
22	10	1	2026-02-25	2026-02-25 09:35:09	2026-02-25 14:00:29	normal	NULL	80.102.96.5	Mozilla/5.0 (Windows NT 10.0; Win64; x64) AppleWebKit/537.36 (KHTML, like Gecko) Chrome/145.0.0.0 Safari/537.36	2026-02-25 09:35:09	2026-02-25 14:00:29
23	15	1	2026-02-25	2026-02-25 09:48:21	2026-02-25 14:00:08	normal	NULL	92.58.185.43	Mozilla/5.0 (Windows NT 10.0; Win64; x64) AppleWebKit/537.36 (KHTML, like Gecko) Chrome/145.0.0.0 Safari/537.36	2026-02-25 09:48:21	2026-02-25 14:00:08
24	13	1	2026-02-25	2026-02-25 09:48:22	2026-02-25 13:59:28	normal	NULL	92.58.185.43	Mozilla/5.0 (Windows NT 10.0; Win64; x64) AppleWebKit/537.36 (KHTML, like Gecko) Chrome/145.0.0.0 Safari/537.36	2026-02-25 09:48:22	2026-02-25 13:59:28
25	18	1	2026-02-25	2026-02-25 10:52:56	2026-02-25 14:05:04	normal	NULL	82.159.55.114	Mozilla/5.0 (Windows NT 10.0; Win64; x64) AppleWebKit/537.36 (KHTML, like Gecko) Chrome/145.0.0.0 Safari/537.36	2026-02-25 10:52:56	2026-02-25 14:05:04
26	2	1	2026-02-25	2026-02-25 14:55:03	2026-02-25 18:02:36	normal	NULL	213.37.248.240	Mozilla/5.0 (Windows NT 10.0; Win64; x64) AppleWebKit/537.36 (KHTML, like Gecko) Chrome/145.0.0.0 Safari/537.36	2026-02-25 14:55:03	2026-02-25 18:02:36
27	15	1	2026-02-25	2026-02-25 15:52:08	2026-02-25 19:06:34	normal	NULL	87.217.173.178	Mozilla/5.0 (Windows NT 10.0; Win64; x64) AppleWebKit/537.36 (KHTML, like Gecko) Chrome/145.0.0.0 Safari/537.36	2026-02-25 15:52:08	2026-02-25 19:06:34
28	13	1	2026-02-25	2026-02-25 15:54:45	2026-02-25 19:00:15	normal	NULL	185.61.204.120	Mozilla/5.0 (Windows NT 10.0; Win64; x64) AppleWebKit/537.36 (KHTML, like Gecko) Chrome/145.0.0.0 Safari/537.36	2026-02-25 15:54:45	2026-02-25 19:00:15
29	10	1	2026-02-25	2026-02-25 15:55:51	2026-02-25 19:19:28	normal	NULL	213.37.249.55	Mozilla/5.0 (Windows NT 10.0; Win64; x64) AppleWebKit/537.36 (KHTML, like Gecko) Chrome/145.0.0.0 Safari/537.36	2026-02-25 15:55:51	2026-02-25 19:19:28
30	3	1	2026-02-25	2026-02-25 15:56:13	2026-02-25 19:09:08	normal	NULL	80.102.99.46	Mozilla/5.0 (Windows NT 10.0; Win64; x64) AppleWebKit/537.36 (KHTML, like Gecko) Chrome/144.0.0.0 Safari/537.36	2026-02-25 15:56:13	2026-02-25 19:09:08
31	9	1	2026-02-25	2026-02-25 15:58:27	2026-02-25 19:05:11	normal	NULL	85.87.217.253	Mozilla/5.0 (Windows NT 10.0; Win64; x64) AppleWebKit/537.36 (KHTML, like Gecko) Chrome/145.0.0.0 Safari/537.36	2026-02-25 15:58:27	2026-02-25 19:05:11
32	11	1	2026-02-25	2026-02-25 16:00:00	2026-02-25 19:15:42	normal	NULL	213.37.249.214	Mozilla/5.0 (Windows NT 10.0; Win64; x64) AppleWebKit/537.36 (KHTML, like Gecko) Chrome/145.0.0.0 Safari/537.36	2026-02-25 16:00:00	2026-02-25 19:15:42
33	12	1	2026-02-25	2026-02-25 17:36:48	2026-02-25 17:36:51	normal	NULL	92.58.185.43	Mozilla/5.0 (Windows NT 10.0; Win64; x64) AppleWebKit/537.36 (KHTML, like Gecko) Chrome/145.0.0.0 Safari/537.36	2026-02-25 17:36:48	2026-02-25 17:36:51
34	16	1	2026-02-25	2026-02-25 19:04:07	2026-02-25 19:04:14	normal	NULL	176.85.18.60	Mozilla/5.0 (Windows NT 10.0; Win64; x64) AppleWebKit/537.36 (KHTML, like Gecko) Chrome/145.0.0.0 Safari/537.36	2026-02-25 19:04:07	2026-02-25 19:04:14
35	4	1	2026-02-25	2026-02-25 19:52:26	2026-02-25 20:24:44	normal	NULL	47.61.180.192	Mozilla/5.0 (Windows NT 10.0; Win64; x64) AppleWebKit/537.36 (KHTML, like Gecko) Chrome/145.0.0.0 Safari/537.36	2026-02-25 19:52:26	2026-02-25 20:24:44
36	16	1	2026-02-26	2026-02-26 09:29:28	2026-02-26 14:06:07	normal		176.85.18.60	Mozilla/5.0 (Windows NT 10.0; Win64; x64) AppleWebKit/537.36 (KHTML, like Gecko) Chrome/145.0.0.0 Safari/537.36	2026-02-26 08:55:28	2026-02-26 16:01:37
37	8	1	2026-02-26	2026-02-26 09:03:43	2026-02-26 14:13:28	normal	NULL	90.94.108.27	Mozilla/5.0 (Windows NT 10.0; Win64; x64) AppleWebKit/537.36 (KHTML, like Gecko) Chrome/144.0.0.0 Safari/537.36	2026-02-26 09:03:43	2026-02-26 14:13:28
38	2	1	2026-02-26	2026-02-26 09:13:15	2026-02-26 14:00:18	normal	NULL	92.58.185.43	Mozilla/5.0 (Windows NT 10.0; Win64; x64) AppleWebKit/537.36 (KHTML, like Gecko) Chrome/145.0.0.0 Safari/537.36	2026-02-26 09:13:15	2026-02-26 14:00:18
39	18	1	2026-02-26	2026-02-26 09:28:02	2026-02-26 14:01:03	normal		80.102.96.5	Mozilla/5.0 (Windows NT 10.0; Win64; x64) AppleWebKit/537.36 (KHTML, like Gecko) Chrome/145.0.0.0 Safari/537.36	2026-02-26 09:18:02	2026-02-26 16:01:54
40	4	1	2026-02-26	2026-02-26 09:21:09	2026-02-26 14:00:08	normal	NULL	80.102.96.5	Mozilla/5.0 (Windows NT 10.0; Win64; x64) AppleWebKit/537.36 (KHTML, like Gecko) Chrome/145.0.0.0 Safari/537.36	2026-02-26 09:21:09	2026-02-26 14:00:08
41	15	1	2026-02-26	2026-02-26 09:21:39	2026-02-26 14:00:49	normal	NULL	92.58.185.43	Mozilla/5.0 (Windows NT 10.0; Win64; x64) AppleWebKit/537.36 (KHTML, like Gecko) Chrome/145.0.0.0 Safari/537.36	2026-02-26 09:21:39	2026-02-26 14:00:49
42	9	1	2026-02-26	2026-02-26 09:22:30	2026-02-26 14:00:12	normal	NULL	80.102.96.5	Mozilla/5.0 (Windows NT 10.0; Win64; x64) AppleWebKit/537.36 (KHTML, like Gecko) Chrome/145.0.0.0 Safari/537.36	2026-02-26 09:22:30	2026-02-26 14:00:12
43	13	1	2026-02-26	2026-02-26 09:23:19	2026-02-26 13:59:41	normal	NULL	92.58.185.43	Mozilla/5.0 (Windows NT 10.0; Win64; x64) AppleWebKit/537.36 (KHTML, like Gecko) Chrome/145.0.0.0 Safari/537.36	2026-02-26 09:23:19	2026-02-26 13:59:41
44	3	1	2026-02-26	2026-02-26 09:29:11	2026-02-26 14:00:11	normal	NULL	80.102.96.5	Mozilla/5.0 (Windows NT 10.0; Win64; x64) AppleWebKit/537.36 (KHTML, like Gecko) Chrome/144.0.0.0 Safari/537.36	2026-02-26 09:29:11	2026-02-26 14:00:11
45	10	1	2026-02-26	2026-02-26 09:32:34	2026-02-26 14:03:26	normal	NULL	80.102.96.5	Mozilla/5.0 (Windows NT 10.0; Win64; x64) AppleWebKit/537.36 (KHTML, like Gecko) Chrome/145.0.0.0 Safari/537.36	2026-02-26 09:32:34	2026-02-26 14:03:26
46	11	1	2026-02-26	2026-02-26 09:35:28	2026-02-26 13:59:23	normal	NULL	80.102.96.5	Mozilla/5.0 (Windows NT 10.0; Win64; x64) AppleWebKit/537.36 (KHTML, like Gecko) Chrome/145.0.0.0 Safari/537.36	2026-02-26 09:35:28	2026-02-26 13:59:23
47	4	1	2026-02-26	2026-02-26 14:48:52	2026-02-26 14:54:22	normal	NULL	47.61.180.192	Mozilla/5.0 (Windows NT 10.0; Win64; x64) AppleWebKit/537.36 (KHTML, like Gecko) Chrome/145.0.0.0 Safari/537.36	2026-02-26 14:48:52	2026-02-26 14:54:22
48	2	1	2026-02-26	2026-02-26 14:54:49	2026-02-26 18:07:04	normal	NULL	79.146.24.221	Mozilla/5.0 (Windows NT 10.0; Win64; x64) AppleWebKit/537.36 (KHTML, like Gecko) Chrome/145.0.0.0 Safari/537.36	2026-02-26 14:54:49	2026-02-26 18:07:04
49	11	1	2026-02-26	2026-02-26 15:48:12	2026-02-26 19:17:46	normal	NULL	213.37.249.214	Mozilla/5.0 (Windows NT 10.0; Win64; x64) AppleWebKit/537.36 (KHTML, like Gecko) Chrome/145.0.0.0 Safari/537.36	2026-02-26 15:48:12	2026-02-26 19:17:46
50	15	1	2026-02-26	2026-02-26 15:53:24	2026-02-26 19:02:55	normal	NULL	87.217.173.178	Mozilla/5.0 (Windows NT 10.0; Win64; x64) AppleWebKit/537.36 (KHTML, like Gecko) Chrome/145.0.0.0 Safari/537.36	2026-02-26 15:53:24	2026-02-26 19:02:55
51	13	1	2026-02-26	2026-02-26 15:53:45	2026-02-26 19:03:35	normal	NULL	185.61.204.120	Mozilla/5.0 (Windows NT 10.0; Win64; x64) AppleWebKit/537.36 (KHTML, like Gecko) Chrome/145.0.0.0 Safari/537.36	2026-02-26 15:53:45	2026-02-26 19:03:35
52	3	1	2026-02-26	2026-02-26 15:57:18	2026-02-26 19:07:18	normal	NULL	80.102.99.46	Mozilla/5.0 (Windows NT 10.0; Win64; x64) AppleWebKit/537.36 (KHTML, like Gecko) Chrome/144.0.0.0 Safari/537.36	2026-02-26 15:57:18	2026-02-26 19:07:18
53	16	1	2026-02-26	2026-02-26 15:57:25	2026-02-26 19:40:17	normal	NULL	176.85.18.60	Mozilla/5.0 (Windows NT 10.0; Win64; x64) AppleWebKit/537.36 (KHTML, like Gecko) Chrome/145.0.0.0 Safari/537.36	2026-02-26 15:57:25	2026-02-26 19:40:17
54	9	1	2026-02-26	2026-02-26 15:58:08	2026-02-26 19:08:58	normal	NULL	85.87.217.253	Mozilla/5.0 (Windows NT 10.0; Win64; x64) AppleWebKit/537.36 (KHTML, like Gecko) Chrome/145.0.0.0 Safari/537.36	2026-02-26 15:58:08	2026-02-26 19:08:58
55	10	1	2026-02-26	2026-02-26 16:00:39	2026-02-26 19:18:47	normal	NULL	213.37.249.55	Mozilla/5.0 (Windows NT 10.0; Win64; x64) AppleWebKit/537.36 (KHTML, like Gecko) Chrome/145.0.0.0 Safari/537.36	2026-02-26 16:00:39	2026-02-26 19:18:47
56	16	1	2026-02-27	2026-02-27 08:55:47	2026-02-27 14:11:47	normal	NULL	176.85.18.60	Mozilla/5.0 (Windows NT 10.0; Win64; x64) AppleWebKit/537.36 (KHTML, like Gecko) Chrome/145.0.0.0 Safari/537.36	2026-02-27 08:55:47	2026-02-27 14:11:47
57	2	1	2026-02-27	2026-02-27 09:01:51	2026-02-27 14:00:32	normal	NULL	92.58.185.43	Mozilla/5.0 (Windows NT 10.0; Win64; x64) AppleWebKit/537.36 (KHTML, like Gecko) Chrome/145.0.0.0 Safari/537.36	2026-02-27 09:01:51	2026-02-27 14:00:32
58	13	1	2026-02-27	2026-02-27 09:15:30	2026-02-27 13:58:47	normal	NULL	92.58.185.43	Mozilla/5.0 (Windows NT 10.0; Win64; x64) AppleWebKit/537.36 (KHTML, like Gecko) Chrome/145.0.0.0 Safari/537.36	2026-02-27 09:15:30	2026-02-27 13:58:47
59	9	1	2026-02-27	2026-02-27 09:15:58	2026-02-27 14:00:27	normal	NULL	80.102.96.5	Mozilla/5.0 (Windows NT 10.0; Win64; x64) AppleWebKit/537.36 (KHTML, like Gecko) Chrome/145.0.0.0 Safari/537.36	2026-02-27 09:15:58	2026-02-27 14:00:27
60	4	1	2026-02-27	2026-02-27 09:16:39	2026-02-27 14:00:16	normal	NULL	80.102.96.5	Mozilla/5.0 (Windows NT 10.0; Win64; x64) AppleWebKit/537.36 (KHTML, like Gecko) Chrome/145.0.0.0 Safari/537.36	2026-02-27 09:16:39	2026-02-27 14:00:16
61	15	1	2026-02-27	2026-02-27 09:17:10	2026-02-27 13:59:02	normal	NULL	92.58.185.43	Mozilla/5.0 (Windows NT 10.0; Win64; x64) AppleWebKit/537.36 (KHTML, like Gecko) Chrome/145.0.0.0 Safari/537.36	2026-02-27 09:17:10	2026-02-27 13:59:02
62	3	1	2026-02-27	2026-02-27 09:34:42	2026-02-27 14:01:16	normal	NULL	80.102.96.5	Mozilla/5.0 (Windows NT 10.0; Win64; x64) AppleWebKit/537.36 (KHTML, like Gecko) Chrome/144.0.0.0 Safari/537.36	2026-02-27 09:34:42	2026-02-27 14:01:16
63	10	1	2026-02-27	2026-02-27 09:34:56	2026-02-27 14:04:02	normal	NULL	80.102.96.5	Mozilla/5.0 (Windows NT 10.0; Win64; x64) AppleWebKit/537.36 (KHTML, like Gecko) Chrome/145.0.0.0 Safari/537.36	2026-02-27 09:34:56	2026-02-27 14:04:02
64	11	1	2026-02-27	2026-02-27 09:36:21	2026-02-27 13:59:19	normal	NULL	80.102.96.5	Mozilla/5.0 (Windows NT 10.0; Win64; x64) AppleWebKit/537.36 (KHTML, like Gecko) Chrome/145.0.0.0 Safari/537.36	2026-02-27 09:36:21	2026-02-27 13:59:19
65	2	1	2026-02-27	2026-02-27 14:53:32	2026-02-27 18:00:38	normal	NULL	79.146.24.221	Mozilla/5.0 (Windows NT 10.0; Win64; x64) AppleWebKit/537.36 (KHTML, like Gecko) Chrome/145.0.0.0 Safari/537.36	2026-02-27 14:53:32	2026-02-27 18:00:38
66	10	1	2026-02-27	2026-02-27 15:01:47	2026-02-27 18:00:25	normal	NULL	213.37.249.55	Mozilla/5.0 (Windows NT 10.0; Win64; x64) AppleWebKit/537.36 (KHTML, like Gecko) Chrome/145.0.0.0 Safari/537.36	2026-02-27 15:01:47	2026-02-27 18:00:25
67	16	1	2026-02-27	2026-02-27 15:45:15	2026-02-27 19:30:36	normal	NULL	176.85.18.60	Mozilla/5.0 (Windows NT 10.0; Win64; x64) AppleWebKit/537.36 (KHTML, like Gecko) Chrome/145.0.0.0 Safari/537.36	2026-02-27 15:45:15	2026-02-27 19:30:36
68	15	1	2026-02-27	2026-02-27 15:49:18	2026-02-27 18:59:17	normal	NULL	87.217.173.178	Mozilla/5.0 (Windows NT 10.0; Win64; x64) AppleWebKit/537.36 (KHTML, like Gecko) Chrome/145.0.0.0 Safari/537.36	2026-02-27 15:49:18	2026-02-27 18:59:17
69	13	1	2026-02-27	2026-02-27 15:51:36	2026-02-27 19:01:14	normal	NULL	185.61.204.120	Mozilla/5.0 (Windows NT 10.0; Win64; x64) AppleWebKit/537.36 (KHTML, like Gecko) Chrome/145.0.0.0 Safari/537.36	2026-02-27 15:51:36	2026-02-27 19:01:14
70	9	1	2026-02-27	2026-02-27 15:55:11	2026-02-27 19:08:19	normal	NULL	85.87.217.253	Mozilla/5.0 (Windows NT 10.0; Win64; x64) AppleWebKit/537.36 (KHTML, like Gecko) Chrome/145.0.0.0 Safari/537.36	2026-02-27 15:55:11	2026-02-27 19:08:19
71	3	1	2026-02-27	2026-02-27 15:57:18	2026-02-27 19:06:05	normal	NULL	80.102.99.46	Mozilla/5.0 (Windows NT 10.0; Win64; x64) AppleWebKit/537.36 (KHTML, like Gecko) Chrome/144.0.0.0 Safari/537.36	2026-02-27 15:57:18	2026-02-27 19:06:05
72	11	1	2026-02-27	2026-02-27 16:00:45	2026-02-27 19:36:36	normal	NULL	213.37.249.214	Mozilla/5.0 (Windows NT 10.0; Win64; x64) AppleWebKit/537.36 (KHTML, like Gecko) Chrome/145.0.0.0 Safari/537.36	2026-02-27 16:00:45	2026-02-27 19:36:36
73	4	1	2026-02-27	2026-02-27 16:06:00	2026-02-27 19:22:13	normal	NULL	47.61.180.192	Mozilla/5.0 (Windows NT 10.0; Win64; x64) AppleWebKit/537.36 (KHTML, like Gecko) Chrome/145.0.0.0 Safari/537.36	2026-02-27 16:06:00	2026-02-27 19:22:13
74	4	1	2026-02-28	2026-02-28 12:53:05	2026-02-28 12:53:24	normal	NULL	148.56.102.201	Mozilla/5.0 (Windows NT 10.0; Win64; x64) AppleWebKit/537.36 (KHTML, like Gecko) Chrome/145.0.0.0 Safari/537.36	2026-02-28 12:53:05	2026-02-28 12:53:24
75	16	1	2026-03-02	2026-03-02 08:58:14	2026-03-02 14:17:43	normal	NULL	176.85.18.60	Mozilla/5.0 (Windows NT 10.0; Win64; x64) AppleWebKit/537.36 (KHTML, like Gecko) Chrome/145.0.0.0 Safari/537.36	2026-03-02 08:58:14	2026-03-02 14:17:43
76	2	1	2026-03-02	2026-03-02 09:13:09	2026-03-02 14:01:02	normal	NULL	92.58.185.43	Mozilla/5.0 (Windows NT 10.0; Win64; x64) AppleWebKit/537.36 (KHTML, like Gecko) Chrome/145.0.0.0 Safari/537.36	2026-03-02 09:13:09	2026-03-02 14:01:02
77	4	1	2026-03-02	2026-03-02 09:20:02	2026-03-02 14:03:25	normal	NULL	80.102.96.5	Mozilla/5.0 (Windows NT 10.0; Win64; x64) AppleWebKit/537.36 (KHTML, like Gecko) Chrome/145.0.0.0 Safari/537.36	2026-03-02 09:20:02	2026-03-02 14:03:25
78	8	1	2026-03-02	2026-03-02 09:20:12	NULL	normal	NULL	80.102.96.5	Mozilla/5.0 (Windows NT 10.0; Win64; x64) AppleWebKit/537.36 (KHTML, like Gecko) Chrome/145.0.0.0 Safari/537.36	2026-03-02 09:20:12	2026-03-02 09:20:12
79	18	1	2026-03-02	2026-03-02 09:20:17	2026-03-02 14:01:12	normal	NULL	80.102.96.5	Mozilla/5.0 (Windows NT 10.0; Win64; x64) AppleWebKit/537.36 (KHTML, like Gecko) Chrome/145.0.0.0 Safari/537.36	2026-03-02 09:20:17	2026-03-02 14:01:12
80	9	1	2026-03-02	2026-03-02 09:20:37	2026-03-02 14:00:37	normal	NULL	80.102.96.5	Mozilla/5.0 (Windows NT 10.0; Win64; x64) AppleWebKit/537.36 (KHTML, like Gecko) Chrome/145.0.0.0 Safari/537.36	2026-03-02 09:20:37	2026-03-02 14:00:37
81	3	1	2026-03-02	2026-03-02 09:23:46	2026-03-02 15:09:43	normal	NULL	80.102.96.5	Mozilla/5.0 (Windows NT 10.0; Win64; x64) AppleWebKit/537.36 (KHTML, like Gecko) Chrome/144.0.0.0 Safari/537.36	2026-03-02 09:23:46	2026-03-02 15:09:43
82	11	1	2026-03-02	2026-03-02 09:26:44	2026-03-02 14:03:40	normal	NULL	80.102.96.5	Mozilla/5.0 (Windows NT 10.0; Win64; x64) AppleWebKit/537.36 (KHTML, like Gecko) Chrome/145.0.0.0 Safari/537.36	2026-03-02 09:26:44	2026-03-02 14:03:40
83	15	1	2026-03-02	2026-03-02 09:27:25	2026-03-02 14:00:05	normal	NULL	92.58.185.43	Mozilla/5.0 (Windows NT 10.0; Win64; x64) AppleWebKit/537.36 (KHTML, like Gecko) Chrome/145.0.0.0 Safari/537.36	2026-03-02 09:27:25	2026-03-02 14:00:05
84	13	1	2026-03-02	2026-03-02 09:28:10	2026-03-02 13:59:56	normal	NULL	92.58.185.43	Mozilla/5.0 (Windows NT 10.0; Win64; x64) AppleWebKit/537.36 (KHTML, like Gecko) Chrome/145.0.0.0 Safari/537.36	2026-03-02 09:28:10	2026-03-02 13:59:56
85	10	1	2026-03-02	2026-03-02 09:32:16	2026-03-02 14:01:02	normal	NULL	80.102.96.5	Mozilla/5.0 (Windows NT 10.0; Win64; x64) AppleWebKit/537.36 (KHTML, like Gecko) Chrome/145.0.0.0 Safari/537.36	2026-03-02 09:32:16	2026-03-02 14:01:02
86	4	1	2026-03-02	2026-03-02 14:48:07	2026-03-02 15:36:01	normal	NULL	188.87.150.26	Mozilla/5.0 (Windows NT 10.0; Win64; x64) AppleWebKit/537.36 (KHTML, like Gecko) Chrome/145.0.0.0 Safari/537.36	2026-03-02 14:48:07	2026-03-02 15:36:01
87	2	1	2026-03-02	2026-03-02 15:17:29	2026-03-02 18:48:47	normal	NULL	79.146.24.221	Mozilla/5.0 (Windows NT 10.0; Win64; x64) AppleWebKit/537.36 (KHTML, like Gecko) Chrome/145.0.0.0 Safari/537.36	2026-03-02 15:17:29	2026-03-02 18:48:47
88	2	1	2026-03-02	2026-03-02 15:17:29	NULL	normal	NULL	79.146.24.221	Mozilla/5.0 (Windows NT 10.0; Win64; x64) AppleWebKit/537.36 (KHTML, like Gecko) Chrome/145.0.0.0 Safari/537.36	2026-03-02 15:17:29	2026-03-02 15:17:29
89	15	1	2026-03-02	2026-03-02 15:51:46	2026-03-02 19:05:34	normal	NULL	87.217.173.178	Mozilla/5.0 (Windows NT 10.0; Win64; x64) AppleWebKit/537.36 (KHTML, like Gecko) Chrome/145.0.0.0 Safari/537.36	2026-03-02 15:51:46	2026-03-02 19:05:34
90	11	1	2026-03-02	2026-03-02 15:53:09	2026-03-02 19:42:24	normal	NULL	213.37.249.214	Mozilla/5.0 (Windows NT 10.0; Win64; x64) AppleWebKit/537.36 (KHTML, like Gecko) Chrome/145.0.0.0 Safari/537.36	2026-03-02 15:53:09	2026-03-02 19:42:24
91	3	1	2026-03-02	2026-03-02 15:55:52	2026-03-02 19:06:41	normal	NULL	80.102.99.46	Mozilla/5.0 (Windows NT 10.0; Win64; x64) AppleWebKit/537.36 (KHTML, like Gecko) Chrome/144.0.0.0 Safari/537.36	2026-03-02 15:55:52	2026-03-02 19:06:41
92	9	1	2026-03-02	2026-03-02 15:56:33	2026-03-02 19:45:38	normal	NULL	85.87.217.253	Mozilla/5.0 (Windows NT 10.0; Win64; x64) AppleWebKit/537.36 (KHTML, like Gecko) Chrome/145.0.0.0 Safari/537.36	2026-03-02 15:56:33	2026-03-02 19:45:38
93	10	1	2026-03-02	2026-03-02 15:59:23	2026-03-02 19:01:07	normal	NULL	213.37.249.55	Mozilla/5.0 (Windows NT 10.0; Win64; x64) AppleWebKit/537.36 (KHTML, like Gecko) Chrome/145.0.0.0 Safari/537.36	2026-03-02 15:59:23	2026-03-02 19:01:07
94	16	1	2026-03-02	2026-03-02 16:01:29	2026-03-02 19:48:46	normal	NULL	176.85.18.60	Mozilla/5.0 (Windows NT 10.0; Win64; x64) AppleWebKit/537.36 (KHTML, like Gecko) Chrome/145.0.0.0 Safari/537.36	2026-03-02 16:01:29	2026-03-02 19:48:46
95	13	1	2026-03-02	2026-03-02 16:13:20	2026-03-02 19:01:06	normal	NULL	185.61.204.120	Mozilla/5.0 (Windows NT 10.0; Win64; x64) AppleWebKit/537.36 (KHTML, like Gecko) Chrome/145.0.0.0 Safari/537.36	2026-03-02 16:13:20	2026-03-02 19:01:06
96	16	1	2026-03-03	2026-03-03 09:29:39	2026-03-03 14:02:55	normal		176.85.18.60	Mozilla/5.0 (Windows NT 10.0; Win64; x64) AppleWebKit/537.36 (KHTML, like Gecko) Chrome/145.0.0.0 Safari/537.36	2026-03-03 08:55:39	2026-03-03 17:03:24
97	2	1	2026-03-03	2026-03-03 09:06:15	2026-03-03 14:00:32	normal	NULL	92.58.185.43	Mozilla/5.0 (Windows NT 10.0; Win64; x64) AppleWebKit/537.36 (KHTML, like Gecko) Chrome/145.0.0.0 Safari/537.36	2026-03-03 09:06:15	2026-03-03 14:00:32
98	8	1	2026-03-03	2026-03-03 09:15:32	NULL	normal	NULL	80.102.96.5	Mozilla/5.0 (Windows NT 10.0; Win64; x64) AppleWebKit/537.36 (KHTML, like Gecko) Chrome/145.0.0.0 Safari/537.36	2026-03-03 09:15:32	2026-03-03 09:15:32
99	18	1	2026-03-03	2026-03-03 09:17:04	2026-03-03 14:01:30	normal	NULL	80.102.96.5	Mozilla/5.0 (Windows NT 10.0; Win64; x64) AppleWebKit/537.36 (KHTML, like Gecko) Chrome/145.0.0.0 Safari/537.36	2026-03-03 09:17:04	2026-03-03 14:01:30
100	4	1	2026-03-03	2026-03-03 09:18:04	2026-03-03 14:26:58	normal	NULL	80.102.96.5	Mozilla/5.0 (Windows NT 10.0; Win64; x64) AppleWebKit/537.36 (KHTML, like Gecko) Chrome/145.0.0.0 Safari/537.36	2026-03-03 09:18:04	2026-03-03 14:26:58
101	9	1	2026-03-03	2026-03-03 09:22:01	2026-03-03 14:00:53	normal	NULL	80.102.96.5	Mozilla/5.0 (Windows NT 10.0; Win64; x64) AppleWebKit/537.36 (KHTML, like Gecko) Chrome/145.0.0.0 Safari/537.36	2026-03-03 09:22:01	2026-03-03 14:00:53
102	15	1	2026-03-03	2026-03-03 09:22:49	2026-03-03 14:00:10	normal	NULL	92.58.185.43	Mozilla/5.0 (Windows NT 10.0; Win64; x64) AppleWebKit/537.36 (KHTML, like Gecko) Chrome/145.0.0.0 Safari/537.36	2026-03-03 09:22:49	2026-03-03 14:00:10
103	3	1	2026-03-03	2026-03-03 09:32:23	2026-03-03 14:01:33	normal	NULL	80.102.96.5	Mozilla/5.0 (Windows NT 10.0; Win64; x64) AppleWebKit/537.36 (KHTML, like Gecko) Chrome/144.0.0.0 Safari/537.36	2026-03-03 09:32:23	2026-03-03 14:01:33
104	13	1	2026-03-03	2026-03-03 09:33:21	2026-03-03 14:00:07	normal	NULL	92.58.185.43	Mozilla/5.0 (Windows NT 10.0; Win64; x64) AppleWebKit/537.36 (KHTML, like Gecko) Chrome/145.0.0.0 Safari/537.36	2026-03-03 09:33:21	2026-03-03 14:00:07
105	10	1	2026-03-03	2026-03-03 09:33:38	2026-03-03 14:01:16	normal	NULL	80.102.96.5	Mozilla/5.0 (Windows NT 10.0; Win64; x64) AppleWebKit/537.36 (KHTML, like Gecko) Chrome/145.0.0.0 Safari/537.36	2026-03-03 09:33:38	2026-03-03 14:01:16
106	11	1	2026-03-03	2026-03-03 09:30:40	2026-03-03 14:01:30	normal		80.102.96.5	Mozilla/5.0 (Windows NT 10.0; Win64; x64) AppleWebKit/537.36 (KHTML, like Gecko) Chrome/145.0.0.0 Safari/537.36	2026-03-03 13:09:40	2026-03-03 17:01:14
107	2	1	2026-03-03	2026-03-03 15:01:40	2026-03-03 18:05:04	normal	NULL	79.146.24.221	Mozilla/5.0 (Windows NT 10.0; Win64; x64) AppleWebKit/537.36 (KHTML, like Gecko) Chrome/145.0.0.0 Safari/537.36	2026-03-03 15:01:40	2026-03-03 18:05:04
108	11	1	2026-03-03	2026-03-03 15:46:31	2026-03-03 19:47:23	normal	NULL	213.37.249.214	Mozilla/5.0 (Windows NT 10.0; Win64; x64) AppleWebKit/537.36 (KHTML, like Gecko) Chrome/145.0.0.0 Safari/537.36	2026-03-03 15:46:31	2026-03-03 19:47:23
109	13	1	2026-03-03	2026-03-03 15:53:37	2026-03-03 19:08:10	normal	NULL	185.61.204.120	Mozilla/5.0 (Windows NT 10.0; Win64; x64) AppleWebKit/537.36 (KHTML, like Gecko) Chrome/145.0.0.0 Safari/537.36	2026-03-03 15:53:37	2026-03-03 19:08:10
110	15	1	2026-03-03	2026-03-03 15:55:02	2026-03-03 19:03:37	normal	NULL	87.217.173.178	Mozilla/5.0 (Windows NT 10.0; Win64; x64) AppleWebKit/537.36 (KHTML, like Gecko) Chrome/145.0.0.0 Safari/537.36	2026-03-03 15:55:02	2026-03-03 19:03:37
111	9	1	2026-03-03	2026-03-03 15:55:20	2026-03-03 19:04:11	normal	NULL	85.87.217.253	Mozilla/5.0 (Windows NT 10.0; Win64; x64) AppleWebKit/537.36 (KHTML, like Gecko) Chrome/145.0.0.0 Safari/537.36	2026-03-03 15:55:20	2026-03-03 19:04:11
112	3	1	2026-03-03	2026-03-03 15:57:02	2026-03-03 19:03:00	normal	NULL	80.102.99.46	Mozilla/5.0 (Windows NT 10.0; Win64; x64) AppleWebKit/537.36 (KHTML, like Gecko) Chrome/144.0.0.0 Safari/537.36	2026-03-03 15:57:02	2026-03-03 19:03:00
113	10	1	2026-03-03	2026-03-03 15:58:11	2026-03-03 19:06:40	normal	NULL	213.37.249.55	Mozilla/5.0 (Windows NT 10.0; Win64; x64) AppleWebKit/537.36 (KHTML, like Gecko) Chrome/145.0.0.0 Safari/537.36	2026-03-03 15:58:11	2026-03-03 19:06:40
114	16	1	2026-03-03	2026-03-03 15:58:14	2026-03-03 19:05:24	normal	NULL	176.85.18.60	Mozilla/5.0 (Windows NT 10.0; Win64; x64) AppleWebKit/537.36 (KHTML, like Gecko) Chrome/145.0.0.0 Safari/537.36	2026-03-03 15:58:14	2026-03-03 19:05:24
115	16	1	2026-03-04	2026-03-04 08:57:16	2026-03-04 14:06:52	normal	NULL	176.85.18.60	Mozilla/5.0 (Windows NT 10.0; Win64; x64) AppleWebKit/537.36 (KHTML, like Gecko) Chrome/145.0.0.0 Safari/537.36	2026-03-04 08:57:16	2026-03-04 14:06:52
116	2	1	2026-03-04	2026-03-04 09:09:36	2026-03-04 14:00:37	normal	NULL	92.58.185.43	Mozilla/5.0 (Windows NT 10.0; Win64; x64) AppleWebKit/537.36 (KHTML, like Gecko) Chrome/145.0.0.0 Safari/537.36	2026-03-04 09:09:36	2026-03-04 14:00:37
117	9	1	2026-03-04	2026-03-04 09:12:41	2026-03-04 14:00:48	normal	NULL	80.102.96.5	Mozilla/5.0 (Windows NT 10.0; Win64; x64) AppleWebKit/537.36 (KHTML, like Gecko) Chrome/145.0.0.0 Safari/537.36	2026-03-04 09:12:41	2026-03-04 14:00:48
118	4	1	2026-03-04	2026-03-04 09:16:58	2026-03-04 14:13:45	normal	NULL	80.102.96.5	Mozilla/5.0 (Windows NT 10.0; Win64; x64) AppleWebKit/537.36 (KHTML, like Gecko) Chrome/145.0.0.0 Safari/537.36	2026-03-04 09:16:58	2026-03-04 14:13:45
119	8	1	2026-03-04	2026-03-04 09:17:16	2026-03-04 14:00:27	normal	NULL	80.102.96.5	Mozilla/5.0 (Windows NT 10.0; Win64; x64) AppleWebKit/537.36 (KHTML, like Gecko) Chrome/145.0.0.0 Safari/537.36	2026-03-04 09:17:16	2026-03-04 14:00:27
120	18	1	2026-03-04	2026-03-04 09:18:35	2026-03-04 14:01:07	normal	NULL	80.102.96.5	Mozilla/5.0 (Windows NT 10.0; Win64; x64) AppleWebKit/537.36 (KHTML, like Gecko) Chrome/145.0.0.0 Safari/537.36	2026-03-04 09:18:35	2026-03-04 14:01:07
121	13	1	2026-03-04	2026-03-04 09:21:38	2026-03-04 14:00:52	normal	NULL	92.58.185.43	Mozilla/5.0 (Windows NT 10.0; Win64; x64) AppleWebKit/537.36 (KHTML, like Gecko) Chrome/145.0.0.0 Safari/537.36	2026-03-04 09:21:38	2026-03-04 14:00:52
122	15	1	2026-03-04	2026-03-04 09:22:52	2026-03-04 14:01:17	normal	NULL	92.58.185.43	Mozilla/5.0 (Windows NT 10.0; Win64; x64) AppleWebKit/537.36 (KHTML, like Gecko) Chrome/145.0.0.0 Safari/537.36	2026-03-04 09:22:52	2026-03-04 14:01:17
123	3	1	2026-03-04	2026-03-04 09:27:46	2026-03-04 14:00:48	normal	NULL	80.102.96.5	Mozilla/5.0 (Windows NT 10.0; Win64; x64) AppleWebKit/537.36 (KHTML, like Gecko) Chrome/144.0.0.0 Safari/537.36	2026-03-04 09:27:46	2026-03-04 14:00:48
124	11	1	2026-03-04	2026-03-04 09:30:06	2026-03-04 14:00:19	normal	NULL	80.102.96.5	Mozilla/5.0 (Windows NT 10.0; Win64; x64) AppleWebKit/537.36 (KHTML, like Gecko) Chrome/145.0.0.0 Safari/537.36	2026-03-04 09:30:06	2026-03-04 14:00:19
125	10	1	2026-03-04	2026-03-04 09:33:22	2026-03-04 14:00:11	normal	NULL	80.102.96.5	Mozilla/5.0 (Windows NT 10.0; Win64; x64) AppleWebKit/537.36 (KHTML, like Gecko) Chrome/145.0.0.0 Safari/537.36	2026-03-04 09:33:22	2026-03-04 14:00:11
126	2	1	2026-03-04	2026-03-04 15:01:23	2026-03-04 18:04:16	normal	NULL	79.146.24.221	Mozilla/5.0 (Windows NT 10.0; Win64; x64) AppleWebKit/537.36 (KHTML, like Gecko) Chrome/145.0.0.0 Safari/537.36	2026-03-04 15:01:23	2026-03-04 18:04:16
127	15	1	2026-03-04	2026-03-04 15:51:57	2026-03-04 19:16:05	normal	NULL	87.217.173.178	Mozilla/5.0 (Windows NT 10.0; Win64; x64) AppleWebKit/537.36 (KHTML, like Gecko) Chrome/145.0.0.0 Safari/537.36	2026-03-04 15:51:57	2026-03-04 19:16:05
128	11	1	2026-03-04	2026-03-04 15:53:56	2026-03-04 19:02:25	normal		213.37.249.214	Mozilla/5.0 (Windows NT 10.0; Win64; x64) AppleWebKit/537.36 (KHTML, like Gecko) Chrome/145.0.0.0 Safari/537.36	2026-03-04 15:53:56	2026-03-04 19:32:40
129	3	1	2026-03-04	2026-03-04 15:57:06	2026-03-04 19:21:02	normal	NULL	80.102.99.46	Mozilla/5.0 (Windows NT 10.0; Win64; x64) AppleWebKit/537.36 (KHTML, like Gecko) Chrome/144.0.0.0 Safari/537.36	2026-03-04 15:57:06	2026-03-04 19:21:02
130	16	1	2026-03-04	2026-03-04 15:57:38	2026-03-04 19:30:08	normal	NULL	176.85.18.60	Mozilla/5.0 (Windows NT 10.0; Win64; x64) AppleWebKit/537.36 (KHTML, like Gecko) Chrome/145.0.0.0 Safari/537.36	2026-03-04 15:57:38	2026-03-04 19:30:08
131	10	1	2026-03-04	2026-03-04 15:58:01	2026-03-04 19:24:04	normal	NULL	213.37.249.55	Mozilla/5.0 (Windows NT 10.0; Win64; x64) AppleWebKit/537.36 (KHTML, like Gecko) Chrome/145.0.0.0 Safari/537.36	2026-03-04 15:58:01	2026-03-04 19:24:04
132	13	1	2026-03-04	2026-03-04 15:58:34	2026-03-04 19:01:57	normal	NULL	185.61.204.120	Mozilla/5.0 (Windows NT 10.0; Win64; x64) AppleWebKit/537.36 (KHTML, like Gecko) Chrome/145.0.0.0 Safari/537.36	2026-03-04 15:58:34	2026-03-04 19:01:57
133	9	1	2026-03-04	2026-03-04 16:14:22	2026-03-04 19:14:26	normal	NULL	85.87.217.253	Mozilla/5.0 (Windows NT 10.0; Win64; x64) AppleWebKit/537.36 (KHTML, like Gecko) Chrome/145.0.0.0 Safari/537.36	2026-03-04 16:14:22	2026-03-04 19:14:26
134	11	1	2026-03-04	2026-03-04 19:34:30	2026-03-04 19:34:33	normal	NULL	213.37.249.214	Mozilla/5.0 (Windows NT 10.0; Win64; x64) AppleWebKit/537.36 (KHTML, like Gecko) Chrome/145.0.0.0 Safari/537.36	2026-03-04 19:34:30	2026-03-04 19:34:33
135	11	1	2026-03-04	2026-03-04 19:34:37	2026-03-04 19:35:05	normal	NULL	213.37.249.214	Mozilla/5.0 (Windows NT 10.0; Win64; x64) AppleWebKit/537.36 (KHTML, like Gecko) Chrome/145.0.0.0 Safari/537.36	2026-03-04 19:34:37	2026-03-04 19:35:05
136	11	1	2026-03-04	2026-03-04 19:35:20	2026-03-04 19:35:21	normal	NULL	213.37.249.214	Mozilla/5.0 (Windows NT 10.0; Win64; x64) AppleWebKit/537.36 (KHTML, like Gecko) Chrome/145.0.0.0 Safari/537.36	2026-03-04 19:35:20	2026-03-04 19:35:21
137	11	1	2026-03-04	2026-03-04 19:35:22	2026-03-04 19:35:30	normal	NULL	213.37.249.214	Mozilla/5.0 (Windows NT 10.0; Win64; x64) AppleWebKit/537.36 (KHTML, like Gecko) Chrome/145.0.0.0 Safari/537.36	2026-03-04 19:35:22	2026-03-04 19:35:30
138	2	1	2026-03-05	2026-03-05 09:13:24	2026-03-05 14:00:10	normal	NULL	92.58.185.43	Mozilla/5.0 (Windows NT 10.0; Win64; x64) AppleWebKit/537.36 (KHTML, like Gecko) Chrome/145.0.0.0 Safari/537.36	2026-03-05 09:13:24	2026-03-05 14:00:10
139	9	1	2026-03-05	2026-03-05 09:15:47	2026-03-05 14:00:13	normal	NULL	80.102.96.5	Mozilla/5.0 (Windows NT 10.0; Win64; x64) AppleWebKit/537.36 (KHTML, like Gecko) Chrome/145.0.0.0 Safari/537.36	2026-03-05 09:15:47	2026-03-05 14:00:13
140	4	1	2026-03-05	2026-03-05 09:20:12	2026-03-05 14:00:14	normal	NULL	80.102.96.5	Mozilla/5.0 (Windows NT 10.0; Win64; x64) AppleWebKit/537.36 (KHTML, like Gecko) Chrome/145.0.0.0 Safari/537.36	2026-03-05 09:20:12	2026-03-05 14:00:14
141	8	1	2026-03-05	2026-03-05 09:20:25	2026-03-05 14:00:15	normal	NULL	80.102.96.5	Mozilla/5.0 (Windows NT 10.0; Win64; x64) AppleWebKit/537.36 (KHTML, like Gecko) Chrome/145.0.0.0 Safari/537.36	2026-03-05 09:20:25	2026-03-05 14:00:15
142	13	1	2026-03-05	2026-03-05 09:21:47	2026-03-05 13:59:23	normal	NULL	92.58.185.43	Mozilla/5.0 (Windows NT 10.0; Win64; x64) AppleWebKit/537.36 (KHTML, like Gecko) Chrome/145.0.0.0 Safari/537.36	2026-03-05 09:21:47	2026-03-05 13:59:23
143	15	1	2026-03-05	2026-03-05 09:22:24	2026-03-05 13:59:04	normal	NULL	92.58.185.43	Mozilla/5.0 (Windows NT 10.0; Win64; x64) AppleWebKit/537.36 (KHTML, like Gecko) Chrome/145.0.0.0 Safari/537.36	2026-03-05 09:22:24	2026-03-05 13:59:04
144	3	1	2026-03-05	2026-03-05 09:22:48	2026-03-05 14:00:39	normal	NULL	80.102.96.5	Mozilla/5.0 (Windows NT 10.0; Win64; x64) AppleWebKit/537.36 (KHTML, like Gecko) Chrome/144.0.0.0 Safari/537.36	2026-03-05 09:22:48	2026-03-05 14:00:39
145	16	1	2026-03-05	2026-03-05 09:29:28	2026-03-05 14:03:46	normal	NULL	176.85.18.60	Mozilla/5.0 (Windows NT 10.0; Win64; x64) AppleWebKit/537.36 (KHTML, like Gecko) Chrome/145.0.0.0 Safari/537.36	2026-03-05 09:29:28	2026-03-05 14:03:46
146	18	1	2026-03-05	2026-03-05 09:30:54	2026-03-05 14:01:27	normal	NULL	80.102.96.5	Mozilla/5.0 (Windows NT 10.0; Win64; x64) AppleWebKit/537.36 (KHTML, like Gecko) Chrome/145.0.0.0 Safari/537.36	2026-03-05 09:30:54	2026-03-05 14:01:27
147	11	1	2026-03-05	2026-03-05 09:32:15	2026-03-05 14:00:21	normal	NULL	80.102.96.5	Mozilla/5.0 (Windows NT 10.0; Win64; x64) AppleWebKit/537.36 (KHTML, like Gecko) Chrome/145.0.0.0 Safari/537.36	2026-03-05 09:32:15	2026-03-05 14:00:21
148	10	1	2026-03-05	2026-03-05 09:32:40	2026-03-05 14:00:14	normal	NULL	80.102.96.5	Mozilla/5.0 (Windows NT 10.0; Win64; x64) AppleWebKit/537.36 (KHTML, like Gecko) Chrome/145.0.0.0 Safari/537.36	2026-03-05 09:32:40	2026-03-05 14:00:14
149	2	1	2026-03-05	2026-03-05 15:01:22	2026-03-05 18:23:04	normal	NULL	79.146.24.221	Mozilla/5.0 (Windows NT 10.0; Win64; x64) AppleWebKit/537.36 (KHTML, like Gecko) Chrome/145.0.0.0 Safari/537.36	2026-03-05 15:01:22	2026-03-05 18:23:04
150	11	1	2026-03-05	2026-03-05 15:25:10	2026-03-05 20:24:43	normal	NULL	213.37.249.214	Mozilla/5.0 (Windows NT 10.0; Win64; x64) AppleWebKit/537.36 (KHTML, like Gecko) Chrome/145.0.0.0 Safari/537.36	2026-03-05 15:25:10	2026-03-05 20:24:43
151	13	1	2026-03-05	2026-03-05 15:48:47	2026-03-05 19:04:29	normal	NULL	185.61.204.120	Mozilla/5.0 (Windows NT 10.0; Win64; x64) AppleWebKit/537.36 (KHTML, like Gecko) Chrome/145.0.0.0 Safari/537.36	2026-03-05 15:48:47	2026-03-05 19:04:29
152	9	1	2026-03-05	2026-03-05 15:54:56	2026-03-05 19:13:41	normal	NULL	85.87.217.253	Mozilla/5.0 (Windows NT 10.0; Win64; x64) AppleWebKit/537.36 (KHTML, like Gecko) Chrome/145.0.0.0 Safari/537.36	2026-03-05 15:54:56	2026-03-05 19:13:41
153	3	1	2026-03-05	2026-03-05 15:56:38	2026-03-05 19:08:02	normal	NULL	80.102.99.46	Mozilla/5.0 (Windows NT 10.0; Win64; x64) AppleWebKit/537.36 (KHTML, like Gecko) Chrome/145.0.0.0 Safari/537.36	2026-03-05 15:56:38	2026-03-05 19:08:02
154	16	1	2026-03-05	2026-03-05 15:56:49	2026-03-05 19:45:33	normal	NULL	176.85.18.60	Mozilla/5.0 (Windows NT 10.0; Win64; x64) AppleWebKit/537.36 (KHTML, like Gecko) Chrome/145.0.0.0 Safari/537.36	2026-03-05 15:56:49	2026-03-05 19:45:33
155	15	1	2026-03-05	2026-03-05 15:57:57	2026-03-05 19:07:32	normal	NULL	87.217.173.178	Mozilla/5.0 (Windows NT 10.0; Win64; x64) AppleWebKit/537.36 (KHTML, like Gecko) Chrome/145.0.0.0 Safari/537.36	2026-03-05 15:57:57	2026-03-05 19:07:32
156	10	1	2026-03-05	2026-03-05 15:58:30	2026-03-05 19:10:54	normal	NULL	213.37.249.55	Mozilla/5.0 (Windows NT 10.0; Win64; x64) AppleWebKit/537.36 (KHTML, like Gecko) Chrome/145.0.0.0 Safari/537.36	2026-03-05 15:58:30	2026-03-05 19:10:54
157	16	1	2026-03-06	2026-03-06 08:56:49	2026-03-06 14:16:58	normal	NULL	176.85.18.60	Mozilla/5.0 (Windows NT 10.0; Win64; x64) AppleWebKit/537.36 (KHTML, like Gecko) Chrome/145.0.0.0 Safari/537.36	2026-03-06 08:56:49	2026-03-06 14:16:58
158	2	1	2026-03-06	2026-03-06 09:08:56	2026-03-06 13:59:44	normal	NULL	92.58.185.43	Mozilla/5.0 (Windows NT 10.0; Win64; x64) AppleWebKit/537.36 (KHTML, like Gecko) Chrome/145.0.0.0 Safari/537.36	2026-03-06 09:08:56	2026-03-06 13:59:44
159	4	1	2026-03-06	2026-03-06 09:15:09	2026-03-06 14:01:04	normal		80.102.96.5	Mozilla/5.0 (Windows NT 10.0; Win64; x64) AppleWebKit/537.36 (KHTML, like Gecko) Chrome/145.0.0.0 Safari/537.36	2026-03-06 09:15:09	2026-03-06 16:43:13
160	13	1	2026-03-06	2026-03-06 09:16:21	2026-03-06 14:00:23	normal	NULL	92.58.185.43	Mozilla/5.0 (Windows NT 10.0; Win64; x64) AppleWebKit/537.36 (KHTML, like Gecko) Chrome/145.0.0.0 Safari/537.36	2026-03-06 09:16:21	2026-03-06 14:00:23
161	8	1	2026-03-06	2026-03-06 09:17:44	2026-03-06 14:00:31	normal	NULL	80.102.96.5	Mozilla/5.0 (Windows NT 10.0; Win64; x64) AppleWebKit/537.36 (KHTML, like Gecko) Chrome/145.0.0.0 Safari/537.36	2026-03-06 09:17:44	2026-03-06 14:00:31
162	15	1	2026-03-06	2026-03-06 09:18:03	2026-03-06 14:10:50	normal	NULL	92.58.185.43	Mozilla/5.0 (Windows NT 10.0; Win64; x64) AppleWebKit/537.36 (KHTML, like Gecko) Chrome/145.0.0.0 Safari/537.36	2026-03-06 09:18:03	2026-03-06 14:10:50
163	9	1	2026-03-06	2026-03-06 09:24:27	2026-03-06 14:01:10	normal	NULL	80.102.96.5	Mozilla/5.0 (Windows NT 10.0; Win64; x64) AppleWebKit/537.36 (KHTML, like Gecko) Chrome/145.0.0.0 Safari/537.36	2026-03-06 09:24:27	2026-03-06 14:01:10
164	11	1	2026-03-06	2026-03-06 09:30:48	2026-03-06 15:34:31	normal	NULL	80.102.96.5	Mozilla/5.0 (Windows NT 10.0; Win64; x64) AppleWebKit/537.36 (KHTML, like Gecko) Chrome/145.0.0.0 Safari/537.36	2026-03-06 09:30:48	2026-03-06 15:34:31
165	3	1	2026-03-06	2026-03-06 09:35:06	2026-03-06 14:00:26	normal	NULL	80.102.96.5	Mozilla/5.0 (Windows NT 10.0; Win64; x64) AppleWebKit/537.36 (KHTML, like Gecko) Chrome/145.0.0.0 Safari/537.36	2026-03-06 09:35:06	2026-03-06 14:00:26
166	10	1	2026-03-06	2026-03-06 09:35:06	2026-03-06 14:00:09	normal	NULL	80.102.96.5	Mozilla/5.0 (Windows NT 10.0; Win64; x64) AppleWebKit/537.36 (KHTML, like Gecko) Chrome/145.0.0.0 Safari/537.36	2026-03-06 09:35:06	2026-03-06 14:00:09
167	18	1	2026-03-06	2026-03-06 09:35:26	2026-03-06 14:01:12	normal	NULL	80.102.96.5	Mozilla/5.0 (Windows NT 10.0; Win64; x64) AppleWebKit/537.36 (KHTML, like Gecko) Chrome/145.0.0.0 Safari/537.36	2026-03-06 09:35:26	2026-03-06 14:01:12
168	2	1	2026-03-06	2026-03-06 14:54:48	2026-03-06 18:14:38	normal	NULL	213.37.248.240	Mozilla/5.0 (Windows NT 10.0; Win64; x64) AppleWebKit/537.36 (KHTML, like Gecko) Chrome/145.0.0.0 Safari/537.36	2026-03-06 14:54:48	2026-03-06 18:14:38
169	11	1	2026-03-06	2026-03-06 15:34:33	2026-03-06 19:23:28	normal	NULL	213.37.249.214	Mozilla/5.0 (Windows NT 10.0; Win64; x64) AppleWebKit/537.36 (KHTML, like Gecko) Chrome/145.0.0.0 Safari/537.36	2026-03-06 15:34:33	2026-03-06 19:23:28
170	8	1	2026-03-06	2026-03-06 15:48:51	2026-03-06 19:06:46	normal	NULL	90.94.108.27	Mozilla/5.0 (Windows NT 10.0; Win64; x64) AppleWebKit/537.36 (KHTML, like Gecko) Chrome/145.0.0.0 Safari/537.36	2026-03-06 15:48:51	2026-03-06 19:06:46
171	3	1	2026-03-06	2026-03-06 15:51:46	2026-03-06 19:05:19	normal	NULL	80.102.99.46	Mozilla/5.0 (Windows NT 10.0; Win64; x64) AppleWebKit/537.36 (KHTML, like Gecko) Chrome/145.0.0.0 Safari/537.36	2026-03-06 15:51:46	2026-03-06 19:05:19
172	13	1	2026-03-06	2026-03-06 15:53:36	2026-03-06 19:02:26	normal	NULL	185.61.204.120	Mozilla/5.0 (Windows NT 10.0; Win64; x64) AppleWebKit/537.36 (KHTML, like Gecko) Chrome/145.0.0.0 Safari/537.36	2026-03-06 15:53:36	2026-03-06 19:02:26
173	9	1	2026-03-06	2026-03-06 15:55:33	2026-03-06 19:28:35	normal	NULL	85.87.217.253	Mozilla/5.0 (Windows NT 10.0; Win64; x64) AppleWebKit/537.36 (KHTML, like Gecko) Chrome/145.0.0.0 Safari/537.36	2026-03-06 15:55:33	2026-03-06 19:28:35
174	15	1	2026-03-06	2026-03-06 15:56:48	2026-03-06 19:02:30	normal	NULL	87.217.173.178	Mozilla/5.0 (Windows NT 10.0; Win64; x64) AppleWebKit/537.36 (KHTML, like Gecko) Chrome/145.0.0.0 Safari/537.36	2026-03-06 15:56:48	2026-03-06 19:02:30
175	10	1	2026-03-06	2026-03-06 15:58:56	2026-03-06 19:06:28	normal	NULL	213.37.249.55	Mozilla/5.0 (Windows NT 10.0; Win64; x64) AppleWebKit/537.36 (KHTML, like Gecko) Chrome/145.0.0.0 Safari/537.36	2026-03-06 15:58:56	2026-03-06 19:06:28
176	16	1	2026-03-06	2026-03-06 15:59:54	2026-03-06 19:08:19	normal	NULL	176.85.18.60	Mozilla/5.0 (Windows NT 10.0; Win64; x64) AppleWebKit/537.36 (KHTML, like Gecko) Chrome/145.0.0.0 Safari/537.36	2026-03-06 15:59:54	2026-03-06 19:08:19
177	18	1	2026-03-06	2026-03-06 16:00:22	2026-03-06 19:01:28	normal	NULL	82.159.55.114	Mozilla/5.0 (Windows NT 10.0; Win64; x64) AppleWebKit/537.36 (KHTML, like Gecko) Chrome/145.0.0.0 Safari/537.36	2026-03-06 16:00:22	2026-03-06 19:01:28
178	4	1	2026-03-06	2026-03-06 16:06:08	2026-03-06 19:39:35	normal	NULL	188.87.150.26	Mozilla/5.0 (Windows NT 10.0; Win64; x64) AppleWebKit/537.36 (KHTML, like Gecko) Chrome/145.0.0.0 Safari/537.36	2026-03-06 16:06:08	2026-03-06 19:39:35
179	2	1	2026-03-09	2026-03-09 09:07:53	2026-03-09 14:01:35	normal	NULL	92.58.185.43	Mozilla/5.0 (Windows NT 10.0; Win64; x64) AppleWebKit/537.36 (KHTML, like Gecko) Chrome/145.0.0.0 Safari/537.36	2026-03-09 09:07:53	2026-03-09 14:01:35
180	8	1	2026-03-09	2026-03-09 09:14:19	2026-03-09 14:24:28	normal	NULL	80.102.96.5	Mozilla/5.0 (Windows NT 10.0; Win64; x64) AppleWebKit/537.36 (KHTML, like Gecko) Chrome/145.0.0.0 Safari/537.36	2026-03-09 09:14:19	2026-03-09 14:24:28
181	4	1	2026-03-09	2026-03-09 09:15:55	2026-03-09 14:00:43	normal	NULL	80.102.96.5	Mozilla/5.0 (Windows NT 10.0; Win64; x64) AppleWebKit/537.36 (KHTML, like Gecko) Chrome/145.0.0.0 Safari/537.36	2026-03-09 09:15:55	2026-03-09 14:00:43
182	15	1	2026-03-09	2026-03-09 09:17:17	2026-03-09 14:00:22	normal	NULL	92.58.185.43	Mozilla/5.0 (Windows NT 10.0; Win64; x64) AppleWebKit/537.36 (KHTML, like Gecko) Chrome/145.0.0.0 Safari/537.36	2026-03-09 09:17:17	2026-03-09 14:00:22
183	9	1	2026-03-09	2026-03-09 09:17:43	2026-03-09 14:01:19	normal	NULL	80.102.96.5	Mozilla/5.0 (Windows NT 10.0; Win64; x64) AppleWebKit/537.36 (KHTML, like Gecko) Chrome/145.0.0.0 Safari/537.36	2026-03-09 09:17:43	2026-03-09 14:01:19
184	13	1	2026-03-09	2026-03-09 09:21:02	2026-03-09 14:00:17	normal	NULL	92.58.185.43	Mozilla/5.0 (Windows NT 10.0; Win64; x64) AppleWebKit/537.36 (KHTML, like Gecko) Chrome/145.0.0.0 Safari/537.36	2026-03-09 09:21:02	2026-03-09 14:00:17
185	16	1	2026-03-09	2026-03-09 09:25:58	2026-03-09 14:32:11	normal	NULL	176.85.18.60	Mozilla/5.0 (Windows NT 10.0; Win64; x64) AppleWebKit/537.36 (KHTML, like Gecko) Chrome/145.0.0.0 Safari/537.36	2026-03-09 09:25:58	2026-03-09 14:32:11
186	11	1	2026-03-09	2026-03-09 09:31:28	2026-03-09 14:30:51	normal	NULL	80.102.96.5	Mozilla/5.0 (Windows NT 10.0; Win64; x64) AppleWebKit/537.36 (KHTML, like Gecko) Chrome/145.0.0.0 Safari/537.36	2026-03-09 09:31:28	2026-03-09 14:30:51
187	18	1	2026-03-09	2026-03-09 09:31:31	2026-03-09 14:01:21	normal	NULL	80.102.96.5	Mozilla/5.0 (Windows NT 10.0; Win64; x64) AppleWebKit/537.36 (KHTML, like Gecko) Chrome/145.0.0.0 Safari/537.36	2026-03-09 09:31:31	2026-03-09 14:01:21
188	10	1	2026-03-09	2026-03-09 09:31:34	2026-03-09 14:03:05	normal	NULL	80.102.96.5	Mozilla/5.0 (Windows NT 10.0; Win64; x64) AppleWebKit/537.36 (KHTML, like Gecko) Chrome/145.0.0.0 Safari/537.36	2026-03-09 09:31:34	2026-03-09 14:03:05
189	3	1	2026-03-09	2026-03-09 09:38:23	2026-03-09 14:00:17	normal	NULL	80.102.96.5	Mozilla/5.0 (Windows NT 10.0; Win64; x64) AppleWebKit/537.36 (KHTML, like Gecko) Chrome/145.0.0.0 Safari/537.36	2026-03-09 09:38:23	2026-03-09 14:00:17
190	2	1	2026-03-09	2026-03-09 14:54:02	2026-03-09 18:15:34	normal	NULL	81.43.220.84	Mozilla/5.0 (Windows NT 10.0; Win64; x64) AppleWebKit/537.36 (KHTML, like Gecko) Chrome/145.0.0.0 Safari/537.36	2026-03-09 14:54:02	2026-03-09 18:15:34
191	16	1	2026-03-09	2026-03-09 15:41:36	2026-03-09 19:06:47	normal	NULL	176.85.18.60	Mozilla/5.0 (Windows NT 10.0; Win64; x64) AppleWebKit/537.36 (KHTML, like Gecko) Chrome/145.0.0.0 Safari/537.36	2026-03-09 15:41:36	2026-03-09 19:06:47
192	15	1	2026-03-09	2026-03-09 15:51:42	2026-03-09 19:00:45	normal	NULL	87.217.173.178	Mozilla/5.0 (Windows NT 10.0; Win64; x64) AppleWebKit/537.36 (KHTML, like Gecko) Chrome/145.0.0.0 Safari/537.36	2026-03-09 15:51:42	2026-03-09 19:00:45
193	9	1	2026-03-09	2026-03-09 15:55:45	2026-03-09 19:15:46	normal	NULL	85.87.217.253	Mozilla/5.0 (Windows NT 10.0; Win64; x64) AppleWebKit/537.36 (KHTML, like Gecko) Chrome/145.0.0.0 Safari/537.36	2026-03-09 15:55:45	2026-03-09 19:15:46
194	13	1	2026-03-09	2026-03-09 15:55:55	2026-03-09 19:06:48	normal	NULL	185.61.204.120	Mozilla/5.0 (Windows NT 10.0; Win64; x64) AppleWebKit/537.36 (KHTML, like Gecko) Chrome/145.0.0.0 Safari/537.36	2026-03-09 15:55:55	2026-03-09 19:06:48
195	10	1	2026-03-09	2026-03-09 15:59:04	2026-03-09 19:22:56	normal	NULL	213.37.249.173	Mozilla/5.0 (Windows NT 10.0; Win64; x64) AppleWebKit/537.36 (KHTML, like Gecko) Chrome/145.0.0.0 Safari/537.36	2026-03-09 15:59:04	2026-03-09 19:22:56
196	11	1	2026-03-09	2026-03-09 16:01:32	2026-03-09 19:17:54	normal	NULL	213.37.249.214	Mozilla/5.0 (Windows NT 10.0; Win64; x64) AppleWebKit/537.36 (KHTML, like Gecko) Chrome/145.0.0.0 Safari/537.36	2026-03-09 16:01:32	2026-03-09 19:17:54
197	3	1	2026-03-09	2026-03-09 16:02:02	2026-03-09 19:03:13	normal	NULL	80.102.99.46	Mozilla/5.0 (Windows NT 10.0; Win64; x64) AppleWebKit/537.36 (KHTML, like Gecko) Chrome/145.0.0.0 Safari/537.36	2026-03-09 16:02:02	2026-03-09 19:03:13
198	16	1	2026-03-10	2026-03-10 08:55:22	2026-03-10 14:01:12	normal	NULL	176.85.18.60	Mozilla/5.0 (Windows NT 10.0; Win64; x64) AppleWebKit/537.36 (KHTML, like Gecko) Chrome/145.0.0.0 Safari/537.36	2026-03-10 08:55:22	2026-03-10 14:01:12
199	2	1	2026-03-10	2026-03-10 09:11:12	2026-03-10 14:04:54	normal	NULL	92.58.185.43	Mozilla/5.0 (Windows NT 10.0; Win64; x64) AppleWebKit/537.36 (KHTML, like Gecko) Chrome/145.0.0.0 Safari/537.36	2026-03-10 09:11:12	2026-03-10 14:04:54
200	18	1	2026-03-10	2026-03-10 09:13:54	2026-03-10 14:02:47	normal	NULL	80.102.96.5	Mozilla/5.0 (Windows NT 10.0; Win64; x64) AppleWebKit/537.36 (KHTML, like Gecko) Chrome/145.0.0.0 Safari/537.36	2026-03-10 09:13:54	2026-03-10 14:02:47
201	15	1	2026-03-10	2026-03-10 09:15:49	2026-03-10 14:00:08	normal	NULL	92.58.185.43	Mozilla/5.0 (Windows NT 10.0; Win64; x64) AppleWebKit/537.36 (KHTML, like Gecko) Chrome/145.0.0.0 Safari/537.36	2026-03-10 09:15:49	2026-03-10 14:00:08
202	4	1	2026-03-10	2026-03-10 09:18:12	2026-03-10 15:57:57	normal	NULL	80.102.96.5	Mozilla/5.0 (Windows NT 10.0; Win64; x64) AppleWebKit/537.36 (KHTML, like Gecko) Chrome/145.0.0.0 Safari/537.36	2026-03-10 09:18:12	2026-03-10 15:57:57
203	8	1	2026-03-10	2026-03-10 09:18:15	2026-03-10 14:17:45	normal	NULL	80.102.96.5	Mozilla/5.0 (Windows NT 10.0; Win64; x64) AppleWebKit/537.36 (KHTML, like Gecko) Chrome/145.0.0.0 Safari/537.36	2026-03-10 09:18:15	2026-03-10 14:17:45
204	11	1	2026-03-10	2026-03-10 09:20:27	2026-03-10 14:35:06	normal	NULL	80.102.96.5	Mozilla/5.0 (Windows NT 10.0; Win64; x64) AppleWebKit/537.36 (KHTML, like Gecko) Chrome/145.0.0.0 Safari/537.36	2026-03-10 09:20:27	2026-03-10 14:35:06
205	13	1	2026-03-10	2026-03-10 09:20:38	2026-03-10 15:54:45	normal	NULL	92.58.185.43	Mozilla/5.0 (Windows NT 10.0; Win64; x64) AppleWebKit/537.36 (KHTML, like Gecko) Chrome/145.0.0.0 Safari/537.36	2026-03-10 09:20:38	2026-03-10 15:54:45
206	9	1	2026-03-10	2026-03-10 09:23:31	2026-03-10 14:09:24	normal	NULL	80.102.96.5	Mozilla/5.0 (Windows NT 10.0; Win64; x64) AppleWebKit/537.36 (KHTML, like Gecko) Chrome/145.0.0.0 Safari/537.36	2026-03-10 09:23:31	2026-03-10 14:09:24
207	3	1	2026-03-10	2026-03-10 09:30:10	2026-03-10 14:03:02	normal	NULL	80.102.96.5	Mozilla/5.0 (Windows NT 10.0; Win64; x64) AppleWebKit/537.36 (KHTML, like Gecko) Chrome/145.0.0.0 Safari/537.36	2026-03-10 09:30:10	2026-03-10 14:03:02
208	10	1	2026-03-10	2026-03-10 09:32:53	2026-03-10 14:00:38	normal	NULL	80.102.96.5	Mozilla/5.0 (Windows NT 10.0; Win64; x64) AppleWebKit/537.36 (KHTML, like Gecko) Chrome/145.0.0.0 Safari/537.36	2026-03-10 09:32:53	2026-03-10 14:00:38
209	2	1	2026-03-10	2026-03-10 15:02:27	2026-03-10 18:14:52	normal	NULL	81.43.220.84	Mozilla/5.0 (Windows NT 10.0; Win64; x64) AppleWebKit/537.36 (KHTML, like Gecko) Chrome/145.0.0.0 Safari/537.36	2026-03-10 15:02:27	2026-03-10 18:14:52
210	11	1	2026-03-10	2026-03-10 15:45:19	2026-03-10 19:37:04	normal	NULL	213.37.249.214	Mozilla/5.0 (Windows NT 10.0; Win64; x64) AppleWebKit/537.36 (KHTML, like Gecko) Chrome/145.0.0.0 Safari/537.36	2026-03-10 15:45:19	2026-03-10 19:37:04
211	13	1	2026-03-10	2026-03-10 15:54:46	2026-03-10 19:00:19	normal	NULL	185.61.204.120	Mozilla/5.0 (Windows NT 10.0; Win64; x64) AppleWebKit/537.36 (KHTML, like Gecko) Chrome/145.0.0.0 Safari/537.36	2026-03-10 15:54:46	2026-03-10 19:00:19
212	3	1	2026-03-10	2026-03-10 15:56:28	2026-03-10 19:06:42	normal	NULL	80.102.99.46	Mozilla/5.0 (Windows NT 10.0; Win64; x64) AppleWebKit/537.36 (KHTML, like Gecko) Chrome/145.0.0.0 Safari/537.36	2026-03-10 15:56:28	2026-03-10 19:06:42
213	9	1	2026-03-10	2026-03-10 15:57:40	2026-03-10 19:36:13	normal	NULL	85.87.217.253	Mozilla/5.0 (Windows NT 10.0; Win64; x64) AppleWebKit/537.36 (KHTML, like Gecko) Chrome/145.0.0.0 Safari/537.36	2026-03-10 15:57:40	2026-03-10 19:36:13
214	16	1	2026-03-10	2026-03-10 15:58:15	2026-03-10 19:38:36	normal	NULL	176.85.18.60	Mozilla/5.0 (Windows NT 10.0; Win64; x64) AppleWebKit/537.36 (KHTML, like Gecko) Chrome/145.0.0.0 Safari/537.36	2026-03-10 15:58:15	2026-03-10 19:38:36
215	10	1	2026-03-10	2026-03-10 15:59:14	2026-03-10 19:21:24	normal	NULL	213.37.249.173	Mozilla/5.0 (Windows NT 10.0; Win64; x64) AppleWebKit/537.36 (KHTML, like Gecko) Chrome/145.0.0.0 Safari/537.36	2026-03-10 15:59:14	2026-03-10 19:21:24
216	15	1	2026-03-10	2026-03-10 16:00:01	2026-03-10 19:00:44	normal	NULL	87.217.173.178	Mozilla/5.0 (Windows NT 10.0; Win64; x64) AppleWebKit/537.36 (KHTML, like Gecko) Chrome/145.0.0.0 Safari/537.36	2026-03-10 16:00:01	2026-03-10 19:00:44
217	16	1	2026-03-11	2026-03-11 08:57:15	2026-03-11 14:12:33	normal	NULL	176.85.18.60	Mozilla/5.0 (Windows NT 10.0; Win64; x64) AppleWebKit/537.36 (KHTML, like Gecko) Chrome/145.0.0.0 Safari/537.36	2026-03-11 08:57:15	2026-03-11 14:12:33
218	2	1	2026-03-11	2026-03-11 09:09:43	2026-03-11 14:03:00	normal	NULL	92.58.185.43	Mozilla/5.0 (Windows NT 10.0; Win64; x64) AppleWebKit/537.36 (KHTML, like Gecko) Chrome/145.0.0.0 Safari/537.36	2026-03-11 09:09:43	2026-03-11 14:03:00
219	9	1	2026-03-11	2026-03-11 09:14:50	2026-03-11 14:03:18	normal	NULL	80.102.96.5	Mozilla/5.0 (Windows NT 10.0; Win64; x64) AppleWebKit/537.36 (KHTML, like Gecko) Chrome/145.0.0.0 Safari/537.36	2026-03-11 09:14:50	2026-03-11 14:03:18
220	15	1	2026-03-11	2026-03-11 09:17:16	2026-03-11 14:00:04	normal	NULL	92.58.185.43	Mozilla/5.0 (Windows NT 10.0; Win64; x64) AppleWebKit/537.36 (KHTML, like Gecko) Chrome/145.0.0.0 Safari/537.36	2026-03-11 09:17:16	2026-03-11 14:00:04
221	8	1	2026-03-11	2026-03-11 09:23:30	NULL	normal	NULL	80.102.96.5	Mozilla/5.0 (Windows NT 10.0; Win64; x64) AppleWebKit/537.36 (KHTML, like Gecko) Chrome/145.0.0.0 Safari/537.36	2026-03-11 09:23:30	2026-03-11 09:23:30
222	13	1	2026-03-11	2026-03-11 09:23:36	2026-03-11 14:00:18	normal	NULL	92.58.185.43	Mozilla/5.0 (Windows NT 10.0; Win64; x64) AppleWebKit/537.36 (KHTML, like Gecko) Chrome/145.0.0.0 Safari/537.36	2026-03-11 09:23:36	2026-03-11 14:00:18
223	11	1	2026-03-11	2026-03-11 09:24:10	2026-03-11 15:49:00	normal	NULL	80.102.96.5	Mozilla/5.0 (Windows NT 10.0; Win64; x64) AppleWebKit/537.36 (KHTML, like Gecko) Chrome/146.0.0.0 Safari/537.36	2026-03-11 09:24:10	2026-03-11 15:49:00
224	3	1	2026-03-11	2026-03-11 09:30:01	2026-03-11 14:00:18	normal	NULL	80.102.96.5	Mozilla/5.0 (Windows NT 10.0; Win64; x64) AppleWebKit/537.36 (KHTML, like Gecko) Chrome/145.0.0.0 Safari/537.36	2026-03-11 09:30:01	2026-03-11 14:00:18
225	10	1	2026-03-11	2026-03-11 09:31:09	2026-03-11 14:00:26	normal	NULL	80.102.96.5	Mozilla/5.0 (Windows NT 10.0; Win64; x64) AppleWebKit/537.36 (KHTML, like Gecko) Chrome/145.0.0.0 Safari/537.36	2026-03-11 09:31:09	2026-03-11 14:00:26
226	4	1	2026-03-11	2026-03-11 09:34:57	2026-03-11 14:00:58	normal	NULL	80.102.96.5	Mozilla/5.0 (Windows NT 10.0; Win64; x64) AppleWebKit/537.36 (KHTML, like Gecko) Chrome/145.0.0.0 Safari/537.36	2026-03-11 09:34:57	2026-03-11 14:00:58
227	2	1	2026-03-11	2026-03-11 14:54:50	2026-03-11 18:04:23	normal	NULL	81.43.220.84	Mozilla/5.0 (Windows NT 10.0; Win64; x64) AppleWebKit/537.36 (KHTML, like Gecko) Chrome/145.0.0.0 Safari/537.36	2026-03-11 14:54:50	2026-03-11 18:04:23
228	11	1	2026-03-11	2026-03-11 15:49:01	2026-03-11 19:29:43	normal	NULL	213.37.249.214	Mozilla/5.0 (Windows NT 10.0; Win64; x64) AppleWebKit/537.36 (KHTML, like Gecko) Chrome/146.0.0.0 Safari/537.36	2026-03-11 15:49:01	2026-03-11 19:29:43
229	13	1	2026-03-11	2026-03-11 15:49:35	2026-03-11 19:03:51	normal	NULL	185.61.204.120	Mozilla/5.0 (Windows NT 10.0; Win64; x64) AppleWebKit/537.36 (KHTML, like Gecko) Chrome/145.0.0.0 Safari/537.36	2026-03-11 15:49:35	2026-03-11 19:03:51
230	9	1	2026-03-11	2026-03-11 15:54:15	2026-03-11 19:15:46	normal	NULL	85.87.217.253	Mozilla/5.0 (Windows NT 10.0; Win64; x64) AppleWebKit/537.36 (KHTML, like Gecko) Chrome/145.0.0.0 Safari/537.36	2026-03-11 15:54:15	2026-03-11 19:15:46
231	3	1	2026-03-11	2026-03-11 15:58:47	2026-03-11 19:11:56	normal	NULL	80.102.99.46	Mozilla/5.0 (Windows NT 10.0; Win64; x64) AppleWebKit/537.36 (KHTML, like Gecko) Chrome/145.0.0.0 Safari/537.36	2026-03-11 15:58:47	2026-03-11 19:11:56
232	10	1	2026-03-11	2026-03-11 15:59:09	2026-03-11 19:08:18	normal	NULL	213.37.249.173	Mozilla/5.0 (Windows NT 10.0; Win64; x64) AppleWebKit/537.36 (KHTML, like Gecko) Chrome/145.0.0.0 Safari/537.36	2026-03-11 15:59:09	2026-03-11 19:08:18
233	15	1	2026-03-11	2026-03-11 16:00:31	2026-03-11 19:01:58	normal	NULL	87.217.173.178	Mozilla/5.0 (Windows NT 10.0; Win64; x64) AppleWebKit/537.36 (KHTML, like Gecko) Chrome/145.0.0.0 Safari/537.36	2026-03-11 16:00:31	2026-03-11 19:01:58
234	16	1	2026-03-11	2026-03-11 16:01:31	2026-03-11 19:15:21	normal	NULL	176.85.18.60	Mozilla/5.0 (Windows NT 10.0; Win64; x64) AppleWebKit/537.36 (KHTML, like Gecko) Chrome/145.0.0.0 Safari/537.36	2026-03-11 16:01:31	2026-03-11 19:15:21
235	16	1	2026-03-12	2026-03-12 08:58:32	2026-03-12 14:03:32	normal	NULL	176.85.3.69	Mozilla/5.0 (Windows NT 10.0; Win64; x64) AppleWebKit/537.36 (KHTML, like Gecko) Chrome/145.0.0.0 Safari/537.36	2026-03-12 08:58:32	2026-03-12 14:03:32
236	15	1	2026-03-12	2026-03-12 09:30:49	2026-03-12 14:00:02	normal	NULL	92.58.185.43	Mozilla/5.0 (Windows NT 10.0; Win64; x64) AppleWebKit/537.36 (KHTML, like Gecko) Chrome/145.0.0.0 Safari/537.36	2026-03-12 09:30:49	2026-03-12 14:00:02
237	10	1	2026-03-12	2026-03-12 09:32:14	2026-03-12 14:00:09	normal	NULL	80.102.96.5	Mozilla/5.0 (Windows NT 10.0; Win64; x64) AppleWebKit/537.36 (KHTML, like Gecko) Chrome/145.0.0.0 Safari/537.36	2026-03-12 09:32:14	2026-03-12 14:00:09
238	11	1	2026-03-12	2026-03-12 09:32:16	2026-03-12 14:04:44	normal	NULL	80.102.96.5	Mozilla/5.0 (Windows NT 10.0; Win64; x64) AppleWebKit/537.36 (KHTML, like Gecko) Chrome/146.0.0.0 Safari/537.36	2026-03-12 09:32:16	2026-03-12 14:04:44
239	4	1	2026-03-12	2026-03-12 09:32:38	2026-03-12 14:00:44	normal	NULL	80.102.96.5	Mozilla/5.0 (Windows NT 10.0; Win64; x64) AppleWebKit/537.36 (KHTML, like Gecko) Chrome/145.0.0.0 Safari/537.36	2026-03-12 09:32:38	2026-03-12 14:00:44
240	9	1	2026-03-12	2026-03-12 09:33:14	2026-03-12 14:00:09	normal	NULL	80.102.96.5	Mozilla/5.0 (Windows NT 10.0; Win64; x64) AppleWebKit/537.36 (KHTML, like Gecko) Chrome/145.0.0.0 Safari/537.36	2026-03-12 09:33:14	2026-03-12 14:00:09
241	3	1	2026-03-12	2026-03-12 09:33:44	2026-03-12 19:35:29	normal	NULL	80.102.96.5	Mozilla/5.0 (Windows NT 10.0; Win64; x64) AppleWebKit/537.36 (KHTML, like Gecko) Chrome/145.0.0.0 Safari/537.36	2026-03-12 09:33:44	2026-03-12 19:35:29
242	13	1	2026-03-12	2026-03-12 09:35:53	2026-03-12 14:00:03	normal	NULL	92.58.185.43	Mozilla/5.0 (Windows NT 10.0; Win64; x64) AppleWebKit/537.36 (KHTML, like Gecko) Chrome/145.0.0.0 Safari/537.36	2026-03-12 09:35:53	2026-03-12 14:00:03
243	8	1	2026-03-12	2026-03-12 10:32:14	NULL	normal	NULL	80.102.96.5	Mozilla/5.0 (Windows NT 10.0; Win64; x64) AppleWebKit/537.36 (KHTML, like Gecko) Chrome/145.0.0.0 Safari/537.36	2026-03-12 10:32:14	2026-03-12 10:32:14
244	11	1	2026-03-12	2026-03-12 15:55:11	2026-03-12 19:53:07	normal	NULL	213.37.249.214	Mozilla/5.0 (Windows NT 10.0; Win64; x64) AppleWebKit/537.36 (KHTML, like Gecko) Chrome/146.0.0.0 Safari/537.36	2026-03-12 15:55:11	2026-03-12 19:53:07
245	9	1	2026-03-12	2026-03-12 15:56:05	2026-03-12 19:02:57	normal	NULL	85.87.217.253	Mozilla/5.0 (Windows NT 10.0; Win64; x64) AppleWebKit/537.36 (KHTML, like Gecko) Chrome/145.0.0.0 Safari/537.36	2026-03-12 15:56:05	2026-03-12 19:02:57
246	13	1	2026-03-12	2026-03-12 15:56:59	2026-03-12 19:09:19	normal	NULL	185.61.204.120	Mozilla/5.0 (Windows NT 10.0; Win64; x64) AppleWebKit/537.36 (KHTML, like Gecko) Chrome/145.0.0.0 Safari/537.36	2026-03-12 15:56:59	2026-03-12 19:09:19
247	10	1	2026-03-12	2026-03-12 15:57:27	2026-03-12 19:54:26	normal	NULL	213.37.249.173	Mozilla/5.0 (Windows NT 10.0; Win64; x64) AppleWebKit/537.36 (KHTML, like Gecko) Chrome/145.0.0.0 Safari/537.36	2026-03-12 15:57:27	2026-03-12 19:54:26
248	16	1	2026-03-12	2026-03-12 15:59:46	NULL	normal	NULL	176.85.3.69	Mozilla/5.0 (Windows NT 10.0; Win64; x64) AppleWebKit/537.36 (KHTML, like Gecko) Chrome/145.0.0.0 Safari/537.36	2026-03-12 15:59:46	2026-03-12 15:59:46
249	15	1	2026-03-12	2026-03-12 16:00:16	2026-03-12 19:05:05	normal	NULL	87.217.173.178	Mozilla/5.0 (Windows NT 10.0; Win64; x64) AppleWebKit/537.36 (KHTML, like Gecko) Chrome/145.0.0.0 Safari/537.36	2026-03-12 16:00:16	2026-03-12 19:05:05
250	16	1	2026-03-13	2026-03-13 08:58:58	2026-03-13 14:00:40	normal	NULL	176.85.3.69	Mozilla/5.0 (Windows NT 10.0; Win64; x64) AppleWebKit/537.36 (KHTML, like Gecko) Chrome/145.0.0.0 Safari/537.36	2026-03-13 08:58:58	2026-03-13 14:00:40
251	2	1	2026-03-13	2026-03-13 09:05:19	2026-03-13 13:57:38	normal	NULL	92.58.185.43	Mozilla/5.0 (Windows NT 10.0; Win64; x64) AppleWebKit/537.36 (KHTML, like Gecko) Chrome/145.0.0.0 Safari/537.36	2026-03-13 09:05:19	2026-03-13 13:57:38
252	8	1	2026-03-13	2026-03-13 09:15:33	2026-03-13 13:58:19	normal	NULL	80.102.96.5	Mozilla/5.0 (Windows NT 10.0; Win64; x64) AppleWebKit/537.36 (KHTML, like Gecko) Chrome/145.0.0.0 Safari/537.36	2026-03-13 09:15:33	2026-03-13 13:58:19
253	4	1	2026-03-13	2026-03-13 09:18:39	2026-03-13 14:00:02	normal	NULL	80.102.96.5	Mozilla/5.0 (Windows NT 10.0; Win64; x64) AppleWebKit/537.36 (KHTML, like Gecko) Chrome/145.0.0.0 Safari/537.36	2026-03-13 09:18:39	2026-03-13 14:00:02
254	9	1	2026-03-13	2026-03-13 09:20:11	2026-03-13 14:00:19	normal	NULL	80.102.96.5	Mozilla/5.0 (Windows NT 10.0; Win64; x64) AppleWebKit/537.36 (KHTML, like Gecko) Chrome/145.0.0.0 Safari/537.36	2026-03-13 09:20:11	2026-03-13 14:00:19
255	15	1	2026-03-13	2026-03-13 09:23:47	2026-03-13 14:00:29	normal	NULL	92.58.185.43	Mozilla/5.0 (Windows NT 10.0; Win64; x64) AppleWebKit/537.36 (KHTML, like Gecko) Chrome/145.0.0.0 Safari/537.36	2026-03-13 09:23:47	2026-03-13 14:00:29
256	13	1	2026-03-13	2026-03-13 09:28:19	2026-03-13 14:00:15	normal	NULL	92.58.185.43	Mozilla/5.0 (Windows NT 10.0; Win64; x64) AppleWebKit/537.36 (KHTML, like Gecko) Chrome/145.0.0.0 Safari/537.36	2026-03-13 09:28:19	2026-03-13 14:00:15
257	3	1	2026-03-13	2026-03-13 09:32:05	2026-03-13 19:03:25	normal	NULL	80.102.96.5	Mozilla/5.0 (Windows NT 10.0; Win64; x64) AppleWebKit/537.36 (KHTML, like Gecko) Chrome/145.0.0.0 Safari/537.36	2026-03-13 09:32:05	2026-03-13 19:03:25
258	10	1	2026-03-13	2026-03-13 09:35:13	2026-03-13 14:00:04	normal	NULL	80.102.96.5	Mozilla/5.0 (Windows NT 10.0; Win64; x64) AppleWebKit/537.36 (KHTML, like Gecko) Chrome/145.0.0.0 Safari/537.36	2026-03-13 09:35:13	2026-03-13 14:00:04
259	11	1	2026-03-13	2026-03-13 09:35:25	2026-03-13 15:54:20	normal	NULL	80.102.96.5	Mozilla/5.0 (Windows NT 10.0; Win64; x64) AppleWebKit/537.36 (KHTML, like Gecko) Chrome/146.0.0.0 Safari/537.36	2026-03-13 09:35:25	2026-03-13 15:54:20
260	2	1	2026-03-13	2026-03-13 14:56:50	2026-03-13 18:01:41	normal	NULL	81.43.219.173	Mozilla/5.0 (Windows NT 10.0; Win64; x64) AppleWebKit/537.36 (KHTML, like Gecko) Chrome/145.0.0.0 Safari/537.36	2026-03-13 14:56:50	2026-03-13 18:01:41
261	2	1	2026-03-13	2026-03-13 14:56:50	2026-03-13 18:01:44	normal	NULL	81.43.219.173	Mozilla/5.0 (Windows NT 10.0; Win64; x64) AppleWebKit/537.36 (KHTML, like Gecko) Chrome/145.0.0.0 Safari/537.36	2026-03-13 14:56:50	2026-03-13 18:01:44
262	11	1	2026-03-13	2026-03-13 15:54:22	2026-03-13 19:20:43	normal	NULL	213.37.249.214	Mozilla/5.0 (Windows NT 10.0; Win64; x64) AppleWebKit/537.36 (KHTML, like Gecko) Chrome/146.0.0.0 Safari/537.36	2026-03-13 15:54:22	2026-03-13 19:20:43
263	15	1	2026-03-13	2026-03-13 15:56:25	2026-03-13 19:00:12	normal	NULL	87.217.173.178	Mozilla/5.0 (Windows NT 10.0; Win64; x64) AppleWebKit/537.36 (KHTML, like Gecko) Chrome/145.0.0.0 Safari/537.36	2026-03-13 15:56:25	2026-03-13 19:00:12
264	13	1	2026-03-13	2026-03-13 15:57:19	2026-03-13 19:06:42	normal	NULL	185.61.204.120	Mozilla/5.0 (Windows NT 10.0; Win64; x64) AppleWebKit/537.36 (KHTML, like Gecko) Chrome/145.0.0.0 Safari/537.36	2026-03-13 15:57:19	2026-03-13 19:06:42
265	10	1	2026-03-13	2026-03-13 15:58:45	2026-03-13 19:04:07	normal	NULL	213.37.249.173	Mozilla/5.0 (Windows NT 10.0; Win64; x64) AppleWebKit/537.36 (KHTML, like Gecko) Chrome/145.0.0.0 Safari/537.36	2026-03-13 15:58:45	2026-03-13 19:04:07
266	16	1	2026-03-13	2026-03-13 15:59:26	2026-03-13 19:13:27	normal	NULL	176.85.3.69	Mozilla/5.0 (Windows NT 10.0; Win64; x64) AppleWebKit/537.36 (KHTML, like Gecko) Chrome/146.0.0.0 Safari/537.36	2026-03-13 15:59:26	2026-03-13 19:13:27
267	9	1	2026-03-13	2026-03-13 15:59:48	2026-03-13 19:09:44	normal	NULL	85.87.217.253	Mozilla/5.0 (Windows NT 10.0; Win64; x64) AppleWebKit/537.36 (KHTML, like Gecko) Chrome/145.0.0.0 Safari/537.36	2026-03-13 15:59:48	2026-03-13 19:09:44
268	4	1	2026-03-13	2026-03-13 16:00:51	2026-03-13 20:36:07	normal	NULL	188.87.150.26	Mozilla/5.0 (Windows NT 10.0; Win64; x64) AppleWebKit/537.36 (KHTML, like Gecko) Chrome/145.0.0.0 Safari/537.36	2026-03-13 16:00:51	2026-03-13 20:36:07
269	8	1	2026-03-13	2026-03-13 16:00:57	2026-03-13 19:28:58	normal	NULL	90.94.108.27	Mozilla/5.0 (Windows NT 10.0; Win64; x64) AppleWebKit/537.36 (KHTML, like Gecko) Chrome/145.0.0.0 Safari/537.36	2026-03-13 16:00:57	2026-03-13 19:28:58
270	16	1	2026-03-16	2026-03-16 08:54:57	2026-03-16 14:24:22	normal	NULL	176.85.3.69	Mozilla/5.0 (Windows NT 10.0; Win64; x64) AppleWebKit/537.36 (KHTML, like Gecko) Chrome/146.0.0.0 Safari/537.36	2026-03-16 08:54:57	2026-03-16 14:24:22
271	2	1	2026-03-16	2026-03-16 09:06:10	2026-03-16 14:00:09	normal	NULL	92.58.185.43	Mozilla/5.0 (Windows NT 10.0; Win64; x64) AppleWebKit/537.36 (KHTML, like Gecko) Chrome/145.0.0.0 Safari/537.36	2026-03-16 09:06:10	2026-03-16 14:00:09
272	8	1	2026-03-16	2026-03-16 09:13:03	2026-03-16 14:01:26	normal	NULL	80.102.96.5	Mozilla/5.0 (Windows NT 10.0; Win64; x64) AppleWebKit/537.36 (KHTML, like Gecko) Chrome/145.0.0.0 Safari/537.36	2026-03-16 09:13:03	2026-03-16 14:01:26
273	15	1	2026-03-16	2026-03-16 09:14:44	2026-03-16 14:00:08	normal	NULL	92.58.185.43	Mozilla/5.0 (Windows NT 10.0; Win64; x64) AppleWebKit/537.36 (KHTML, like Gecko) Chrome/145.0.0.0 Safari/537.36	2026-03-16 09:14:44	2026-03-16 14:00:08
274	9	1	2026-03-16	2026-03-16 09:17:55	2026-03-16 14:00:42	normal	NULL	80.102.96.5	Mozilla/5.0 (Windows NT 10.0; Win64; x64) AppleWebKit/537.36 (KHTML, like Gecko) Chrome/146.0.0.0 Safari/537.36	2026-03-16 09:17:55	2026-03-16 14:00:42
275	4	1	2026-03-16	2026-03-16 09:19:06	2026-03-16 14:00:26	normal	NULL	80.102.96.5	Mozilla/5.0 (Windows NT 10.0; Win64; x64) AppleWebKit/537.36 (KHTML, like Gecko) Chrome/145.0.0.0 Safari/537.36	2026-03-16 09:19:06	2026-03-16 14:00:26
276	11	1	2026-03-16	2026-03-16 09:22:06	2026-03-16 14:01:09	normal	NULL	80.102.96.5	Mozilla/5.0 (Windows NT 10.0; Win64; x64) AppleWebKit/537.36 (KHTML, like Gecko) Chrome/146.0.0.0 Safari/537.36	2026-03-16 09:22:06	2026-03-16 14:01:09
277	13	1	2026-03-16	2026-03-16 09:23:33	2026-03-16 14:00:12	normal	NULL	92.58.185.43	Mozilla/5.0 (Windows NT 10.0; Win64; x64) AppleWebKit/537.36 (KHTML, like Gecko) Chrome/145.0.0.0 Safari/537.36	2026-03-16 09:23:33	2026-03-16 14:00:12
278	3	1	2026-03-16	2026-03-16 09:25:27	2026-03-16 14:00:34	normal	NULL	80.102.96.5	Mozilla/5.0 (Windows NT 10.0; Win64; x64) AppleWebKit/537.36 (KHTML, like Gecko) Chrome/145.0.0.0 Safari/537.36	2026-03-16 09:25:27	2026-03-16 14:00:34
279	18	1	2026-03-16	2026-03-16 09:29:39	2026-03-16 14:01:22	normal	NULL	80.102.96.5	Mozilla/5.0 (Windows NT 10.0; Win64; x64) AppleWebKit/537.36 (KHTML, like Gecko) Chrome/145.0.0.0 Safari/537.36	2026-03-16 09:29:39	2026-03-16 14:01:22
280	10	1	2026-03-16	2026-03-16 09:31:41	2026-03-16 14:00:22	normal	NULL	80.102.96.5	Mozilla/5.0 (Windows NT 10.0; Win64; x64) AppleWebKit/537.36 (KHTML, like Gecko) Chrome/145.0.0.0 Safari/537.36	2026-03-16 09:31:41	2026-03-16 14:00:22
281	2	1	2026-03-16	2026-03-16 14:58:13	2026-03-16 18:03:50	normal	NULL	81.43.219.173	Mozilla/5.0 (Windows NT 10.0; Win64; x64) AppleWebKit/537.36 (KHTML, like Gecko) Chrome/145.0.0.0 Safari/537.36	2026-03-16 14:58:13	2026-03-16 18:03:50
282	11	1	2026-03-16	2026-03-16 15:35:12	2026-03-16 20:10:48	normal	NULL	213.37.249.214	Mozilla/5.0 (Windows NT 10.0; Win64; x64) AppleWebKit/537.36 (KHTML, like Gecko) Chrome/146.0.0.0 Safari/537.36	2026-03-16 15:35:12	2026-03-16 20:10:48
283	13	1	2026-03-16	2026-03-16 15:50:44	2026-03-16 19:01:39	normal	NULL	185.61.204.120	Mozilla/5.0 (Windows NT 10.0; Win64; x64) AppleWebKit/537.36 (KHTML, like Gecko) Chrome/146.0.0.0 Safari/537.36	2026-03-16 15:50:44	2026-03-16 19:01:39
284	3	1	2026-03-16	2026-03-16 15:56:02	2026-03-16 19:12:36	normal	NULL	80.102.99.46	Mozilla/5.0 (Windows NT 10.0; Win64; x64) AppleWebKit/537.36 (KHTML, like Gecko) Chrome/145.0.0.0 Safari/537.36	2026-03-16 15:56:02	2026-03-16 19:12:36
285	9	1	2026-03-16	2026-03-16 15:56:03	2026-03-16 19:08:49	normal	NULL	85.87.217.253	Mozilla/5.0 (Windows NT 10.0; Win64; x64) AppleWebKit/537.36 (KHTML, like Gecko) Chrome/146.0.0.0 Safari/537.36	2026-03-16 15:56:03	2026-03-16 19:08:49
286	10	1	2026-03-16	2026-03-16 15:58:56	2026-03-16 19:13:02	normal	NULL	213.37.249.173	Mozilla/5.0 (Windows NT 10.0; Win64; x64) AppleWebKit/537.36 (KHTML, like Gecko) Chrome/145.0.0.0 Safari/537.36	2026-03-16 15:58:56	2026-03-16 19:13:02
287	15	1	2026-03-16	2026-03-16 16:00:18	2026-03-16 19:03:21	normal	NULL	87.217.173.178	Mozilla/5.0 (Windows NT 10.0; Win64; x64) AppleWebKit/537.36 (KHTML, like Gecko) Chrome/145.0.0.0 Safari/537.36	2026-03-16 16:00:18	2026-03-16 19:03:21
288	16	1	2026-03-17	2026-03-17 08:57:31	2026-03-17 14:34:20	normal	NULL	79.145.195.179	Mozilla/5.0 (Windows NT 10.0; Win64; x64) AppleWebKit/537.36 (KHTML, like Gecko) Chrome/146.0.0.0 Safari/537.36	2026-03-17 08:57:31	2026-03-17 14:34:20
289	2	1	2026-03-17	2026-03-17 09:07:43	2026-03-17 14:00:57	normal	NULL	92.58.185.43	Mozilla/5.0 (Windows NT 10.0; Win64; x64) AppleWebKit/537.36 (KHTML, like Gecko) Chrome/145.0.0.0 Safari/537.36	2026-03-17 09:07:43	2026-03-17 14:00:57
290	8	1	2026-03-17	2026-03-17 09:11:45	2026-03-17 14:01:57	normal	NULL	80.102.96.5	Mozilla/5.0 (Windows NT 10.0; Win64; x64) AppleWebKit/537.36 (KHTML, like Gecko) Chrome/145.0.0.0 Safari/537.36	2026-03-17 09:11:45	2026-03-17 14:01:57
291	4	1	2026-03-17	2026-03-17 09:12:38	2026-03-17 14:01:10	normal	NULL	80.102.96.5	Mozilla/5.0 (Windows NT 10.0; Win64; x64) AppleWebKit/537.36 (KHTML, like Gecko) Chrome/145.0.0.0 Safari/537.36	2026-03-17 09:12:38	2026-03-17 14:01:10
292	9	1	2026-03-17	2026-03-17 09:13:10	2026-03-17 14:00:57	normal	NULL	80.102.96.5	Mozilla/5.0 (Windows NT 10.0; Win64; x64) AppleWebKit/537.36 (KHTML, like Gecko) Chrome/146.0.0.0 Safari/537.36	2026-03-17 09:13:10	2026-03-17 14:00:57
293	15	1	2026-03-17	2026-03-17 09:21:02	2026-03-17 13:59:57	normal	NULL	92.58.185.43	Mozilla/5.0 (Windows NT 10.0; Win64; x64) AppleWebKit/537.36 (KHTML, like Gecko) Chrome/145.0.0.0 Safari/537.36	2026-03-17 09:21:02	2026-03-17 13:59:57
294	13	1	2026-03-17	2026-03-17 09:21:45	2026-03-17 14:00:04	normal	NULL	92.58.185.43	Mozilla/5.0 (Windows NT 10.0; Win64; x64) AppleWebKit/537.36 (KHTML, like Gecko) Chrome/146.0.0.0 Safari/537.36	2026-03-17 09:21:45	2026-03-17 14:00:04
295	3	1	2026-03-17	2026-03-17 09:27:20	2026-03-17 14:00:47	normal	NULL	80.102.96.5	Mozilla/5.0 (Windows NT 10.0; Win64; x64) AppleWebKit/537.36 (KHTML, like Gecko) Chrome/145.0.0.0 Safari/537.36	2026-03-17 09:27:20	2026-03-17 14:00:47
296	18	1	2026-03-17	2026-03-17 09:31:10	2026-03-17 14:00:59	normal	NULL	80.102.96.5	Mozilla/5.0 (Windows NT 10.0; Win64; x64) AppleWebKit/537.36 (KHTML, like Gecko) Chrome/145.0.0.0 Safari/537.36	2026-03-17 09:31:10	2026-03-17 14:00:59
297	10	1	2026-03-17	2026-03-17 09:31:18	2026-03-17 14:00:28	normal	NULL	80.102.96.5	Mozilla/5.0 (Windows NT 10.0; Win64; x64) AppleWebKit/537.36 (KHTML, like Gecko) Chrome/145.0.0.0 Safari/537.36	2026-03-17 09:31:18	2026-03-17 14:00:28
298	11	1	2026-03-17	2026-03-17 13:58:40	2026-03-17 13:58:42	normal	NULL	80.102.96.5	Mozilla/5.0 (Windows NT 10.0; Win64; x64) AppleWebKit/537.36 (KHTML, like Gecko) Chrome/146.0.0.0 Safari/537.36	2026-03-17 13:58:40	2026-03-17 13:58:42
299	2	1	2026-03-17	2026-03-17 14:57:03	2026-03-17 18:01:36	normal	NULL	81.43.219.173	Mozilla/5.0 (Windows NT 10.0; Win64; x64) AppleWebKit/537.36 (KHTML, like Gecko) Chrome/145.0.0.0 Safari/537.36	2026-03-17 14:57:03	2026-03-17 18:01:36
300	13	1	2026-03-17	2026-03-17 15:48:58	2026-03-17 19:04:17	normal	NULL	185.61.204.120	Mozilla/5.0 (Windows NT 10.0; Win64; x64) AppleWebKit/537.36 (KHTML, like Gecko) Chrome/146.0.0.0 Safari/537.36	2026-03-17 15:48:58	2026-03-17 19:04:17
301	16	1	2026-03-17	2026-03-17 15:53:07	2026-03-17 19:07:40	normal	NULL	79.145.195.179	Mozilla/5.0 (Windows NT 10.0; Win64; x64) AppleWebKit/537.36 (KHTML, like Gecko) Chrome/146.0.0.0 Safari/537.36	2026-03-17 15:53:07	2026-03-17 19:07:40
302	9	1	2026-03-17	2026-03-17 15:55:25	2026-03-17 19:40:55	normal	NULL	85.87.217.253	Mozilla/5.0 (Windows NT 10.0; Win64; x64) AppleWebKit/537.36 (KHTML, like Gecko) Chrome/146.0.0.0 Safari/537.36	2026-03-17 15:55:25	2026-03-17 19:40:55
303	15	1	2026-03-17	2026-03-17 15:55:57	2026-03-17 19:00:23	normal	NULL	87.217.173.178	Mozilla/5.0 (Windows NT 10.0; Win64; x64) AppleWebKit/537.36 (KHTML, like Gecko) Chrome/145.0.0.0 Safari/537.36	2026-03-17 15:55:57	2026-03-17 19:00:23
304	11	1	2026-03-17	2026-03-17 15:57:36	2026-03-17 19:33:01	normal	NULL	213.37.249.214	Mozilla/5.0 (Windows NT 10.0; Win64; x64) AppleWebKit/537.36 (KHTML, like Gecko) Chrome/146.0.0.0 Safari/537.36	2026-03-17 15:57:36	2026-03-17 19:33:01
305	10	1	2026-03-17	2026-03-17 15:59:41	2026-03-17 19:06:09	normal	NULL	213.37.249.173	Mozilla/5.0 (Windows NT 10.0; Win64; x64) AppleWebKit/537.36 (KHTML, like Gecko) Chrome/145.0.0.0 Safari/537.36	2026-03-17 15:59:41	2026-03-17 19:06:09
306	3	1	2026-03-17	2026-03-17 16:00:03	2026-03-17 19:09:06	normal	NULL	80.102.99.46	Mozilla/5.0 (Windows NT 10.0; Win64; x64) AppleWebKit/537.36 (KHTML, like Gecko) Chrome/145.0.0.0 Safari/537.36	2026-03-17 16:00:03	2026-03-17 19:09:06
307	16	1	2026-03-18	2026-03-18 08:56:13	NULL	normal	NULL	79.145.195.179	Mozilla/5.0 (Windows NT 10.0; Win64; x64) AppleWebKit/537.36 (KHTML, like Gecko) Chrome/146.0.0.0 Safari/537.36	2026-03-18 08:56:13	2026-03-18 08:56:13
308	2	1	2026-03-18	2026-03-18 09:12:22	NULL	normal	NULL	92.58.185.43	Mozilla/5.0 (Windows NT 10.0; Win64; x64) AppleWebKit/537.36 (KHTML, like Gecko) Chrome/145.0.0.0 Safari/537.36	2026-03-18 09:12:22	2026-03-18 09:12:22
309	18	1	2026-03-18	2026-03-18 09:15:35	2026-03-18 14:00:32	normal	NULL	80.102.96.5	Mozilla/5.0 (Windows NT 10.0; Win64; x64) AppleWebKit/537.36 (KHTML, like Gecko) Chrome/145.0.0.0 Safari/537.36	2026-03-18 09:15:35	2026-03-18 14:00:32
310	8	1	2026-03-18	2026-03-18 09:17:01	2026-03-18 14:00:35	normal	NULL	80.102.96.5	Mozilla/5.0 (Windows NT 10.0; Win64; x64) AppleWebKit/537.36 (KHTML, like Gecko) Chrome/145.0.0.0 Safari/537.36	2026-03-18 09:17:01	2026-03-18 14:00:35
311	15	1	2026-03-18	2026-03-18 09:18:32	2026-03-18 14:00:34	normal	NULL	92.58.185.43	Mozilla/5.0 (Windows NT 10.0; Win64; x64) AppleWebKit/537.36 (KHTML, like Gecko) Chrome/145.0.0.0 Safari/537.36	2026-03-18 09:18:32	2026-03-18 14:00:34
312	13	1	2026-03-18	2026-03-18 09:19:59	2026-03-18 14:00:08	normal	NULL	92.58.185.43	Mozilla/5.0 (Windows NT 10.0; Win64; x64) AppleWebKit/537.36 (KHTML, like Gecko) Chrome/146.0.0.0 Safari/537.36	2026-03-18 09:19:59	2026-03-18 14:00:08
313	9	1	2026-03-18	2026-03-18 09:23:04	2026-03-18 14:00:29	normal	NULL	80.102.96.5	Mozilla/5.0 (Windows NT 10.0; Win64; x64) AppleWebKit/537.36 (KHTML, like Gecko) Chrome/146.0.0.0 Safari/537.36	2026-03-18 09:23:04	2026-03-18 14:00:29
314	4	1	2026-03-18	2026-03-18 09:29:06	2026-03-18 14:00:29	normal	NULL	80.102.96.5	Mozilla/5.0 (Windows NT 10.0; Win64; x64) AppleWebKit/537.36 (KHTML, like Gecko) Chrome/145.0.0.0 Safari/537.36	2026-03-18 09:29:06	2026-03-18 14:00:29
315	3	1	2026-03-18	2026-03-18 09:33:55	2026-03-18 14:00:15	normal	NULL	80.102.96.5	Mozilla/5.0 (Windows NT 10.0; Win64; x64) AppleWebKit/537.36 (KHTML, like Gecko) Chrome/145.0.0.0 Safari/537.36	2026-03-18 09:33:55	2026-03-18 14:00:15
316	11	1	2026-03-18	2026-03-18 09:34:23	2026-03-18 13:57:38	normal	NULL	80.102.96.5	Mozilla/5.0 (Windows NT 10.0; Win64; x64) AppleWebKit/537.36 (KHTML, like Gecko) Chrome/146.0.0.0 Safari/537.36	2026-03-18 09:34:23	2026-03-18 13:57:38
317	10	1	2026-03-18	2026-03-18 09:38:19	NULL	normal	NULL	80.102.96.5	Mozilla/5.0 (Windows NT 10.0; Win64; x64) AppleWebKit/537.36 (KHTML, like Gecko) Chrome/145.0.0.0 Safari/537.36	2026-03-18 09:38:19	2026-03-18 09:38:19
